timestamp,qdisc_type,sent_bytes,sent_pkts,dropped,overlimits,requeues,backlog_bytes,backlog_pkts,prob,delay_c_us,delay_l_us,pkts_in_c,pkts_in_l,maxq,ecn_mark,step_mark,memory_used_bytes
2026-04-02 14:38:18,cake,7666,37,0,9,0,0,0,NaN,NaN,NaN,NaN,NaN,NaN,NaN,NaN,NaN
2026-04-02 14:38:19,cake,240501,197,0,400,0,5928,4,NaN,NaN,NaN,NaN,NaN,NaN,NaN,NaN,NaN
2026-04-02 14:38:20,cake,1119327,790,0,2148,0,5928,4,NaN,NaN,NaN,NaN,NaN,NaN,NaN,NaN,NaN
2026-04-02 14:38:21,cake,1923399,1338,0,3766,0,7410,5,NaN,NaN,NaN,NaN,NaN,NaN,NaN,NaN,NaN
2026-04-02 14:38:22,cake,2686912,1856,0,5296,0,4446,3,NaN,NaN,NaN,NaN,NaN,NaN,NaN,NaN,NaN
2026-04-02 14:38:23,cake,3427133,2359,0,6785,0,0,0,NaN,NaN,NaN,NaN,NaN,NaN,NaN,NaN,NaN
2026-04-02 14:38:24,cake,3623284,2492,0,7175,0,7410,5,NaN,NaN,NaN,NaN,NaN,NaN,NaN,NaN,NaN
2026-04-02 14:38:25,cake,4159749,2857,0,8249,0,0,0,NaN,NaN,NaN,NaN,NaN,NaN,NaN,NaN,NaN
2026-04-02 14:38:26,cake,4263466,2929,0,8449,0,5928,4,NaN,NaN,NaN,NaN,NaN,NaN,NaN,NaN,NaN
2026-04-02 14:38:27,cake,5140810,3521,0,10215,0,8892,6,NaN,NaN,NaN,NaN,NaN,NaN,NaN,NaN,NaN
2026-04-02 14:38:28,cake,5393311,3697,0,10710,0,14820,10,NaN,NaN,NaN,NaN,NaN,NaN,NaN,NaN,NaN
2026-04-02 14:38:29,cake,5662652,3881,0,11240,0,0,0,NaN,NaN,NaN,NaN,NaN,NaN,NaN,NaN,NaN
2026-04-02 14:38:30,cake,5687144,3900,0,11281,0,8892,6,NaN,NaN,NaN,NaN,NaN,NaN,NaN,NaN,NaN
2026-04-02 14:38:31,cake,6465078,4428,0,12844,0,0,0,NaN,NaN,NaN,NaN,NaN,NaN,NaN,NaN,NaN
2026-04-02 14:38:32,cake,6473395,4437,0,12846,0,0,0,NaN,NaN,NaN,NaN,NaN,NaN,NaN,NaN,NaN
2026-04-02 14:38:33,cake,7324257,5013,0,14564,0,13338,9,NaN,NaN,NaN,NaN,NaN,NaN,NaN,NaN,NaN
2026-04-02 14:38:34,cake,7793925,5335,0,15481,0,0,0,NaN,NaN,NaN,NaN,NaN,NaN,NaN,NaN,NaN
2026-04-02 14:38:35,cake,8600450,5881,0,16970,0,0,0,NaN,NaN,NaN,NaN,NaN,NaN,NaN,NaN,NaN
2026-04-02 14:38:36,cake,8607749,5891,0,16970,0,0,0,NaN,NaN,NaN,NaN,NaN,NaN,NaN,NaN,NaN
2026-04-02 14:38:37,cake,9042047,6188,0,17832,0,0,0,NaN,NaN,NaN,NaN,NaN,NaN,NaN,NaN,NaN
2026-04-02 14:38:38,cake,9047669,6195,0,17832,0,0,0,NaN,NaN,NaN,NaN,NaN,NaN,NaN,NaN,NaN
2026-04-02 14:38:39,cake,9752151,6671,0,19249,0,13338,9,NaN,NaN,NaN,NaN,NaN,NaN,NaN,NaN,NaN
2026-04-02 14:38:40,cake,9875243,6759,0,19474,0,0,0,NaN,NaN,NaN,NaN,NaN,NaN,NaN,NaN,NaN
2026-04-02 14:38:41,cake,10564519,7227,0,20856,0,13338,9,NaN,NaN,NaN,NaN,NaN,NaN,NaN,NaN,NaN
2026-04-02 14:38:42,cake,11371685,7775,0,22478,0,22230,15,NaN,NaN,NaN,NaN,NaN,NaN,NaN,NaN,NaN
2026-04-02 14:38:43,cake,12185635,8327,0,24098,0,17784,12,NaN,NaN,NaN,NaN,NaN,NaN,NaN,NaN,NaN
2026-04-02 14:38:44,cake,13066040,8922,0,25850,0,8892,6,NaN,NaN,NaN,NaN,NaN,NaN,NaN,NaN,NaN
2026-04-02 14:38:45,cake,13447925,9182,0,26607,0,16302,11,NaN,NaN,NaN,NaN,NaN,NaN,NaN,NaN,NaN
2026-04-02 14:38:46,cake,14292452,9754,0,28286,0,0,0,NaN,NaN,NaN,NaN,NaN,NaN,NaN,NaN,NaN
2026-04-02 14:38:47,cake,14430007,9847,0,28562,0,8892,6,NaN,NaN,NaN,NaN,NaN,NaN,NaN,NaN,NaN
2026-04-02 14:38:48,cake,15308154,10448,0,30344,0,14820,10,NaN,NaN,NaN,NaN,NaN,NaN,NaN,NaN,NaN
2026-04-02 14:38:49,cake,16127785,11008,8,31832,0,32892,22,NaN,NaN,NaN,NaN,NaN,NaN,NaN,NaN,NaN
2026-04-02 14:38:50,cake,17005582,11595,21,33430,0,11920,8,NaN,NaN,NaN,NaN,NaN,NaN,NaN,NaN,NaN
2026-04-02 14:38:51,cake,17883349,12184,27,34515,0,10406,7,NaN,NaN,NaN,NaN,NaN,NaN,NaN,NaN,NaN
2026-04-02 14:38:52,cake,18735904,12755,36,35733,0,17816,12,NaN,NaN,NaN,NaN,NaN,NaN,NaN,NaN,NaN
2026-04-02 14:38:53,cake,19594949,13331,41,36907,0,15076,10,NaN,NaN,NaN,NaN,NaN,NaN,NaN,NaN,NaN
2026-04-02 14:38:54,cake,20455471,13910,50,38178,0,1514,1,NaN,NaN,NaN,NaN,NaN,NaN,NaN,NaN,NaN
2026-04-02 14:38:55,cake,21313332,14485,59,39472,0,0,0,NaN,NaN,NaN,NaN,NaN,NaN,NaN,NaN,NaN
2026-04-02 14:38:56,cake,22078371,14991,61,40488,0,7570,5,NaN,NaN,NaN,NaN,NaN,NaN,NaN,NaN,NaN
2026-04-02 14:38:57,cake,22954583,15576,72,41922,0,25290,17,NaN,NaN,NaN,NaN,NaN,NaN,NaN,NaN,NaN
2026-04-02 14:38:58,cake,23774386,16122,73,42970,0,9084,6,NaN,NaN,NaN,NaN,NaN,NaN,NaN,NaN,NaN
2026-04-02 14:38:59,cake,24601369,16677,87,44127,0,17816,12,NaN,NaN,NaN,NaN,NaN,NaN,NaN,NaN,NaN
2026-04-02 14:39:00,cake,25420237,17225,93,45136,0,1514,1,NaN,NaN,NaN,NaN,NaN,NaN,NaN,NaN,NaN
2026-04-02 14:39:02,cake,26216340,17756,101,46271,0,4510,3,NaN,NaN,NaN,NaN,NaN,NaN,NaN,NaN,NaN
2026-04-02 14:39:03,cake,27051516,18309,103,47225,0,7570,5,NaN,NaN,NaN,NaN,NaN,NaN,NaN,NaN,NaN
2026-04-02 14:39:04,cake,27929482,18896,114,48209,0,17912,12,NaN,NaN,NaN,NaN,NaN,NaN,NaN,NaN,NaN
2026-04-02 14:39:05,cake,28671517,19390,116,49255,0,12112,8,NaN,NaN,NaN,NaN,NaN,NaN,NaN,NaN,NaN
2026-04-02 14:39:06,cake,29548420,19975,126,50180,0,13402,9,NaN,NaN,NaN,NaN,NaN,NaN,NaN,NaN,NaN
2026-04-02 14:39:07,cake,30374183,20523,129,51512,0,12112,8,NaN,NaN,NaN,NaN,NaN,NaN,NaN,NaN,NaN
2026-04-02 14:39:08,cake,31242126,21102,142,52568,0,19394,13,NaN,NaN,NaN,NaN,NaN,NaN,NaN,NaN,NaN
2026-04-02 14:39:09,cake,32041850,21635,146,53845,0,15140,10,NaN,NaN,NaN,NaN,NaN,NaN,NaN,NaN,NaN
2026-04-02 14:39:10,cake,32916526,22219,156,55204,0,19362,13,NaN,NaN,NaN,NaN,NaN,NaN,NaN,NaN,NaN
2026-04-02 14:39:11,cake,33745315,22772,160,56547,0,12112,8,NaN,NaN,NaN,NaN,NaN,NaN,NaN,NaN,NaN
2026-04-02 14:39:12,cake,34620913,23355,173,57683,0,11984,8,NaN,NaN,NaN,NaN,NaN,NaN,NaN,NaN,NaN
2026-04-02 14:39:13,cake,35406016,23881,176,58778,0,10598,7,NaN,NaN,NaN,NaN,NaN,NaN,NaN,NaN,NaN
2026-04-02 14:39:14,cake,36286348,24467,187,59653,0,14916,10,NaN,NaN,NaN,NaN,NaN,NaN,NaN,NaN,NaN
2026-04-02 14:39:15,cake,37061943,24984,191,60691,0,7570,5,NaN,NaN,NaN,NaN,NaN,NaN,NaN,NaN,NaN
2026-04-02 14:39:16,cake,37939732,25568,200,61714,0,16462,11,NaN,NaN,NaN,NaN,NaN,NaN,NaN,NaN,NaN
2026-04-02 14:39:17,cake,38709213,26080,203,62607,0,13626,9,NaN,NaN,NaN,NaN,NaN,NaN,NaN,NaN,NaN
2026-04-02 14:39:18,cake,39559151,26645,213,63446,0,0,0,NaN,NaN,NaN,NaN,NaN,NaN,NaN,NaN,NaN
2026-04-02 14:39:19,cake,40370655,27181,215,64781,0,7570,5,NaN,NaN,NaN,NaN,NaN,NaN,NaN,NaN,NaN
2026-04-02 14:39:20,cake,41244762,27762,228,65864,0,8956,6,NaN,NaN,NaN,NaN,NaN,NaN,NaN,NaN,NaN
2026-04-02 14:39:21,cake,41955991,28234,231,66748,0,10598,7,NaN,NaN,NaN,NaN,NaN,NaN,NaN,NaN,NaN
2026-04-02 14:39:22,cake,42831026,28816,241,67792,0,14916,10,NaN,NaN,NaN,NaN,NaN,NaN,NaN,NaN,NaN
2026-04-02 14:39:23,cake,43582702,29319,247,68772,0,9084,6,NaN,NaN,NaN,NaN,NaN,NaN,NaN,NaN,NaN
2026-04-02 14:39:24,cake,44451711,29895,257,70056,0,,,NaN,NaN,NaN,NaN,NaN,NaN,NaN,NaN,NaN
2026-04-02 14:39:25,cake,45243399,30425,263,71086,0,1514,1,NaN,NaN,NaN,NaN,NaN,NaN,NaN,NaN,NaN
2026-04-02 14:39:26,cake,46091788,30987,269,72313,0,17880,12,NaN,NaN,NaN,NaN,NaN,NaN,NaN,NaN,NaN
2026-04-02 14:39:27,cake,46931438,31553,277,73418,0,0,0,NaN,NaN,NaN,NaN,NaN,NaN,NaN,NaN,NaN
2026-04-02 14:39:28,cake,47763814,32105,283,74469,0,6056,4,NaN,NaN,NaN,NaN,NaN,NaN,NaN,NaN,NaN
2026-04-02 14:39:29,cake,48636003,32688,292,76057,0,11888,8,NaN,NaN,NaN,NaN,NaN,NaN,NaN,NaN,NaN
2026-04-02 14:39:30,cake,49401657,33197,296,77010,0,22422,15,NaN,NaN,NaN,NaN,NaN,NaN,NaN,NaN,NaN
2026-04-02 14:39:31,cake,50138440,33686,300,78178,0,15140,10,NaN,NaN,NaN,NaN,NaN,NaN,NaN,NaN,NaN
2026-04-02 14:39:32,cake,51018421,34268,305,79114,0,24000,16,NaN,NaN,NaN,NaN,NaN,NaN,NaN,NaN,NaN
2026-04-02 14:39:33,cake,51802698,34790,313,80281,0,6056,4,NaN,NaN,NaN,NaN,NaN,NaN,NaN,NaN,NaN
2026-04-02 14:39:34,cake,52681582,35371,319,81120,0,12016,8,NaN,NaN,NaN,NaN,NaN,NaN,NaN,NaN,NaN
2026-04-02 14:39:35,cake,53445364,35880,324,82192,0,10598,7,NaN,NaN,NaN,NaN,NaN,NaN,NaN,NaN,NaN
2026-04-02 14:39:36,cake,54317039,36457,328,83257,0,13562,9,NaN,NaN,NaN,NaN,NaN,NaN,NaN,NaN,NaN
2026-04-02 14:39:37,cake,55110768,36985,335,84526,0,9084,6,NaN,NaN,NaN,NaN,NaN,NaN,NaN,NaN,NaN
2026-04-02 14:39:38,cake,55993398,37568,338,85809,0,11810,8,NaN,NaN,NaN,NaN,NaN,NaN,NaN,NaN,NaN
2026-04-02 14:39:39,cake,56762750,38080,349,86922,0,1514,1,NaN,NaN,NaN,NaN,NaN,NaN,NaN,NaN,NaN
2026-04-02 14:39:40,cake,57639356,38659,352,88028,0,12112,8,NaN,NaN,NaN,NaN,NaN,NaN,NaN,NaN,NaN
2026-04-02 14:39:41,cake,58455785,39202,360,89149,0,9084,6,NaN,NaN,NaN,NaN,NaN,NaN,NaN,NaN,NaN
2026-04-02 14:39:42,cake,59339961,39786,363,90514,0,12112,8,NaN,NaN,NaN,NaN,NaN,NaN,NaN,NaN,NaN
2026-04-02 14:39:43,cake,60148781,40325,373,91545,0,4542,3,NaN,NaN,NaN,NaN,NaN,NaN,NaN,NaN,NaN
2026-04-02 14:39:44,cake,61029929,40907,376,92514,0,12112,8,NaN,NaN,NaN,NaN,NaN,NaN,NaN,NaN,NaN
2026-04-02 14:39:45,cake,61772555,41402,388,93808,0,1514,1,NaN,NaN,NaN,NaN,NaN,NaN,NaN,NaN,NaN
2026-04-02 14:39:46,cake,62621909,41963,391,94866,0,12112,8,NaN,NaN,NaN,NaN,NaN,NaN,NaN,NaN,NaN
2026-04-02 14:39:47,cake,63409767,42487,403,96037,0,1514,1,NaN,NaN,NaN,NaN,NaN,NaN,NaN,NaN,NaN
2026-04-02 14:39:48,cake,64280359,43063,407,96955,0,6056,4,NaN,NaN,NaN,NaN,NaN,NaN,NaN,NaN,NaN
2026-04-02 14:39:49,cake,65039063,43568,416,98199,0,0,0,NaN,NaN,NaN,NaN,NaN,NaN,NaN,NaN,NaN
2026-04-02 14:39:50,cake,65879333,44123,418,99101,0,9084,6,NaN,NaN,NaN,NaN,NaN,NaN,NaN,NaN,NaN
2026-04-02 14:39:51,cake,66703242,44671,428,100328,0,0,0,NaN,NaN,NaN,NaN,NaN,NaN,NaN,NaN,NaN
2026-04-02 14:39:52,cake,67552596,45232,432,101722,0,6056,4,NaN,NaN,NaN,NaN,NaN,NaN,NaN,NaN,NaN
2026-04-02 14:39:53,cake,68373063,45779,442,103226,0,9084,6,NaN,NaN,NaN,NaN,NaN,NaN,NaN,NaN,NaN
2026-04-02 14:39:54,cake,69176997,46310,445,104549,0,9084,6,NaN,NaN,NaN,NaN,NaN,NaN,NaN,NaN,NaN
2026-04-02 14:39:55,cake,70000276,46858,455,105700,0,7570,5,NaN,NaN,NaN,NaN,NaN,NaN,NaN,NaN,NaN
2026-04-02 14:39:56,cake,70828434,47405,457,106929,0,10598,7,NaN,NaN,NaN,NaN,NaN,NaN,NaN,NaN,NaN
2026-04-02 14:39:57,cake,71652620,47954,470,108120,0,0,0,NaN,NaN,NaN,NaN,NaN,NaN,NaN,NaN,NaN
2026-04-02 14:39:58,cake,72448984,48480,473,109202,0,7570,5,NaN,NaN,NaN,NaN,NaN,NaN,NaN,NaN,NaN
2026-04-02 14:39:59,cake,73324052,49065,481,110354,0,0,0,NaN,NaN,NaN,NaN,NaN,NaN,NaN,NaN,NaN
2026-04-02 14:40:00,cake,74120458,49592,483,111600,0,10598,7,NaN,NaN,NaN,NaN,NaN,NaN,NaN,NaN,NaN
2026-04-02 14:40:01,cake,74992567,50173,495,112766,0,0,0,NaN,NaN,NaN,NaN,NaN,NaN,NaN,NaN,NaN
2026-04-02 14:40:02,cake,75751081,50674,497,113717,0,10598,7,NaN,NaN,NaN,NaN,NaN,NaN,NaN,NaN,NaN
2026-04-02 14:40:03,cake,76580812,51225,504,114766,0,9084,6,NaN,NaN,NaN,NaN,NaN,NaN,NaN,NaN,NaN
2026-04-02 14:40:04,cake,77460488,51807,508,116078,0,12112,8,NaN,NaN,NaN,NaN,NaN,NaN,NaN,NaN,NaN
2026-04-02 14:40:05,cake,78273182,52348,517,117068,0,0,0,NaN,NaN,NaN,NaN,NaN,NaN,NaN,NaN,NaN
2026-04-02 14:40:06,cake,79093770,52890,520,118139,0,10598,7,NaN,NaN,NaN,NaN,NaN,NaN,NaN,NaN,NaN
2026-04-02 14:40:07,cake,79962044,53466,532,119522,0,8892,6,NaN,NaN,NaN,NaN,NaN,NaN,NaN,NaN,NaN
2026-04-02 14:40:08,cake,80717927,53967,533,120432,0,7570,5,NaN,NaN,NaN,NaN,NaN,NaN,NaN,NaN,NaN
2026-04-02 14:40:09,cake,81595732,54549,545,121272,0,5928,4,NaN,NaN,NaN,NaN,NaN,NaN,NaN,NaN,NaN
2026-04-02 14:40:10,cake,82356780,55054,546,122319,0,9084,6,NaN,NaN,NaN,NaN,NaN,NaN,NaN,NaN,NaN
2026-04-02 14:40:11,cake,83233616,55635,557,123158,0,23744,16,NaN,NaN,NaN,NaN,NaN,NaN,NaN,NaN,NaN
2026-04-02 14:40:12,cake,83973615,56132,563,124234,0,1514,1,NaN,NaN,NaN,NaN,NaN,NaN,NaN,NaN,NaN
2026-04-02 14:40:13,cake,84825486,56697,569,125809,0,14948,10,NaN,NaN,NaN,NaN,NaN,NaN,NaN,NaN,NaN
2026-04-02 14:40:14,cake,85542103,57174,577,127028,0,9084,6,NaN,NaN,NaN,NaN,NaN,NaN,NaN,NaN,NaN
2026-04-02 14:40:15,cake,86419802,57755,584,128782,0,17976,12,NaN,NaN,NaN,NaN,NaN,NaN,NaN,NaN,NaN
2026-04-02 14:40:16,cake,87171980,58255,587,130124,0,3028,2,NaN,NaN,NaN,NaN,NaN,NaN,NaN,NaN,NaN
2026-04-02 14:40:17,cake,88038301,58829,593,131827,0,20940,14,NaN,NaN,NaN,NaN,NaN,NaN,NaN,NaN,NaN
2026-04-02 14:40:18,cake,88783762,59326,598,133146,0,1514,1,NaN,NaN,NaN,NaN,NaN,NaN,NaN,NaN,NaN
2026-04-02 14:40:19,cake,89660940,59906,601,134886,0,18040,12,NaN,NaN,NaN,NaN,NaN,NaN,NaN,NaN,NaN
2026-04-02 14:40:20,cake,90430812,60419,611,136263,0,12112,8,NaN,NaN,NaN,NaN,NaN,NaN,NaN,NaN,NaN
2026-04-02 14:40:21,cake,91305410,60997,614,137979,0,12112,8,NaN,NaN,NaN,NaN,NaN,NaN,NaN,NaN,NaN
2026-04-02 14:40:22,cake,92067396,61503,621,139343,0,7570,5,NaN,NaN,NaN,NaN,NaN,NaN,NaN,NaN,NaN
2026-04-02 14:40:23,cake,92945182,62083,626,141078,0,10598,7,NaN,NaN,NaN,NaN,NaN,NaN,NaN,NaN,NaN
2026-04-02 14:40:24,cake,93721566,62600,633,142484,0,7570,5,NaN,NaN,NaN,NaN,NaN,NaN,NaN,NaN,NaN
2026-04-02 14:40:25,cake,94599686,63180,636,144234,0,15140,10,NaN,NaN,NaN,NaN,NaN,NaN,NaN,NaN,NaN
2026-04-02 14:40:26,cake,95344972,63677,648,145569,0,1514,1,NaN,NaN,NaN,NaN,NaN,NaN,NaN,NaN,NaN
2026-04-02 14:40:27,cake,96198868,64241,651,147228,0,13626,9,NaN,NaN,NaN,NaN,NaN,NaN,NaN,NaN,NaN
2026-04-02 14:40:28,cake,96933766,64729,660,148499,0,1514,1,NaN,NaN,NaN,NaN,NaN,NaN,NaN,NaN,NaN
2026-04-02 14:40:29,cake,97807344,65306,662,150219,0,12112,8,NaN,NaN,NaN,NaN,NaN,NaN,NaN,NaN,NaN
2026-04-02 14:40:30,cake,98622254,65848,671,151707,0,4542,3,NaN,NaN,NaN,NaN,NaN,NaN,NaN,NaN,NaN
2026-04-02 14:40:31,cake,99497388,66427,675,153430,0,7570,5,NaN,NaN,NaN,NaN,NaN,NaN,NaN,NaN,NaN
2026-04-02 14:40:32,cake,100316427,66973,685,154966,0,3028,2,NaN,NaN,NaN,NaN,NaN,NaN,NaN,NaN,NaN
2026-04-02 14:40:33,cake,101170323,67537,688,156596,0,1514,1,NaN,NaN,NaN,NaN,NaN,NaN,NaN,NaN,NaN
2026-04-02 14:40:34,cake,101972219,68073,699,158120,0,0,0,NaN,NaN,NaN,NaN,NaN,NaN,NaN,NaN,NaN
2026-04-02 14:40:35,cake,102815517,68630,702,159702,0,9084,6,NaN,NaN,NaN,NaN,NaN,NaN,NaN,NaN,NaN
2026-04-02 14:40:36,cake,103650727,69187,715,161314,0,3028,2,NaN,NaN,NaN,NaN,NaN,NaN,NaN,NaN,NaN
2026-04-02 14:40:37,cake,104468287,69727,717,162860,0,10598,7,NaN,NaN,NaN,NaN,NaN,NaN,NaN,NaN,NaN
2026-04-02 14:40:38,cake,105281275,70269,726,164412,0,7570,5,NaN,NaN,NaN,NaN,NaN,NaN,NaN,NaN,NaN
2026-04-02 14:40:39,cake,106109475,70817,729,165972,0,10598,7,NaN,NaN,NaN,NaN,NaN,NaN,NaN,NaN,NaN
2026-04-02 14:40:40,cake,106911157,71351,740,167461,0,4542,3,NaN,NaN,NaN,NaN,NaN,NaN,NaN,NaN,NaN
2026-04-02 14:40:41,cake,107695409,71869,741,168882,0,13626,9,NaN,NaN,NaN,NaN,NaN,NaN,NaN,NaN,NaN
2026-04-02 14:40:42,cake,108533905,72428,750,170521,0,1514,1,NaN,NaN,NaN,NaN,NaN,NaN,NaN,NaN,NaN
2026-04-02 14:40:43,cake,109333297,72956,751,172003,0,13626,9,NaN,NaN,NaN,NaN,NaN,NaN,NaN,NaN,NaN
2026-04-02 14:40:44,cake,110211018,73540,761,173752,0,8924,6,NaN,NaN,NaN,NaN,NaN,NaN,NaN,NaN,NaN
2026-04-02 14:40:45,cake,111019011,74076,764,175230,0,7570,5,NaN,NaN,NaN,NaN,NaN,NaN,NaN,NaN,NaN
2026-04-02 14:40:46,cake,111889577,74654,771,176938,0,17944,12,NaN,NaN,NaN,NaN,NaN,NaN,NaN,NaN,NaN
2026-04-02 14:40:47,cake,112738199,75216,773,178546,0,12112,8,NaN,NaN,NaN,NaN,NaN,NaN,NaN,NaN,NaN
2026-04-02 14:40:48,cake,113613755,75797,784,180284,0,10471,8,NaN,NaN,NaN,NaN,NaN,NaN,NaN,NaN,NaN
2026-04-02 14:40:49,cake,114255688,76233,785,181445,0,0,0,NaN,NaN,NaN,NaN,NaN,NaN,NaN,NaN,NaN
2026-04-02 14:40:50,cake,114482518,76388,785,181809,0,0,0,NaN,NaN,NaN,NaN,NaN,NaN,NaN,NaN,NaN
2026-04-02 14:40:51,cake,114482518,76388,785,181809,0,0,0,NaN,NaN,NaN,NaN,NaN,NaN,NaN,NaN,NaN
2026-04-02 14:40:52,cake,114689680,76529,785,182221,0,0,0,NaN,NaN,NaN,NaN,NaN,NaN,NaN,NaN,NaN
2026-04-02 14:40:53,cake,114689680,76529,785,182221,0,0,0,NaN,NaN,NaN,NaN,NaN,NaN,NaN,NaN,NaN
2026-04-02 14:40:54,cake,114882070,76659,785,182600,0,8892,6,NaN,NaN,NaN,NaN,NaN,NaN,NaN,NaN,NaN
2026-04-02 14:40:55,cake,114903804,76674,785,182637,0,0,0,NaN,NaN,NaN,NaN,NaN,NaN,NaN,NaN,NaN
2026-04-02 14:40:56,cake,115075446,76790,785,182984,0,10374,7,NaN,NaN,NaN,NaN,NaN,NaN,NaN,NaN,NaN
2026-04-02 14:40:57,cake,115117412,76819,785,183062,0,0,0,NaN,NaN,NaN,NaN,NaN,NaN,NaN,NaN,NaN
2026-04-02 14:40:58,cake,115244594,76905,785,183319,0,8892,6,NaN,NaN,NaN,NaN,NaN,NaN,NaN,NaN,NaN
2026-04-02 14:40:59,cake,115313335,76953,785,183450,0,0,0,NaN,NaN,NaN,NaN,NaN,NaN,NaN,NaN,NaN
2026-04-02 14:41:00,cake,115345669,76975,785,183481,0,0,0,NaN,NaN,NaN,NaN,NaN,NaN,NaN,NaN,NaN
2026-04-02 14:41:01,cake,115547609,77113,785,183853,0,0,0,NaN,NaN,NaN,NaN,NaN,NaN,NaN,NaN,NaN
2026-04-02 14:41:02,cake,115587353,77140,785,183937,0,14820,10,NaN,NaN,NaN,NaN,NaN,NaN,NaN,NaN,NaN
2026-04-02 14:41:03,cake,115674299,77199,785,184102,0,0,0,NaN,NaN,NaN,NaN,NaN,NaN,NaN,NaN,NaN
2026-04-02 14:41:04,cake,115676993,77201,785,184104,0,0,0,NaN,NaN,NaN,NaN,NaN,NaN,NaN,NaN,NaN
2026-04-02 14:41:05,cake,115822478,77301,785,184395,0,0,0,NaN,NaN,NaN,NaN,NaN,NaN,NaN,NaN,NaN
2026-04-02 14:41:06,cake,115822478,77301,785,184395,0,0,0,NaN,NaN,NaN,NaN,NaN,NaN,NaN,NaN,NaN
2026-04-02 14:41:07,cake,116004962,77426,785,184749,0,0,0,NaN,NaN,NaN,NaN,NaN,NaN,NaN,NaN,NaN
2026-04-02 14:41:08,cake,116004962,77426,785,184749,0,0,0,NaN,NaN,NaN,NaN,NaN,NaN,NaN,NaN,NaN
2026-04-02 14:41:09,cake,116202378,77561,785,185132,0,0,0,NaN,NaN,NaN,NaN,NaN,NaN,NaN,NaN,NaN
2026-04-02 14:41:10,cake,116202378,77561,785,185132,0,0,0,NaN,NaN,NaN,NaN,NaN,NaN,NaN,NaN,NaN
2026-04-02 14:41:11,cake,116403627,77698,785,185531,0,0,0,NaN,NaN,NaN,NaN,NaN,NaN,NaN,NaN,NaN
2026-04-02 14:41:12,cake,116403627,77698,785,185531,0,0,0,NaN,NaN,NaN,NaN,NaN,NaN,NaN,NaN,NaN
2026-04-02 14:41:13,cake,116616226,77843,785,185955,0,0,0,NaN,NaN,NaN,NaN,NaN,NaN,NaN,NaN,NaN
2026-04-02 14:41:14,cake,116616268,77844,785,185955,0,0,0,NaN,NaN,NaN,NaN,NaN,NaN,NaN,NaN,NaN
2026-04-02 14:41:15,cake,116843591,78000,785,186410,0,0,0,NaN,NaN,NaN,NaN,NaN,NaN,NaN,NaN,NaN
2026-04-02 14:41:16,cake,116843591,78000,785,186410,0,0,0,NaN,NaN,NaN,NaN,NaN,NaN,NaN,NaN,NaN
2026-04-02 14:41:17,cake,116966457,78084,785,186644,0,0,0,NaN,NaN,NaN,NaN,NaN,NaN,NaN,NaN,NaN
2026-04-02 14:41:18,cake,116966457,78084,785,186644,0,0,0,NaN,NaN,NaN,NaN,NaN,NaN,NaN,NaN,NaN
2026-04-02 14:41:19,cake,117127487,78194,785,186964,0,0,0,NaN,NaN,NaN,NaN,NaN,NaN,NaN,NaN,NaN
2026-04-02 14:41:20,cake,117127487,78194,785,186964,0,0,0,NaN,NaN,NaN,NaN,NaN,NaN,NaN,NaN,NaN
2026-04-02 14:41:21,cake,117338703,78338,785,187303,0,0,0,NaN,NaN,NaN,NaN,NaN,NaN,NaN,NaN,NaN
2026-04-02 14:41:22,cake,117338703,78338,785,187303,0,0,0,NaN,NaN,NaN,NaN,NaN,NaN,NaN,NaN,NaN
2026-04-02 14:41:23,cake,117712148,78591,785,188038,0,0,0,NaN,NaN,NaN,NaN,NaN,NaN,NaN,NaN,NaN
2026-04-02 14:41:24,cake,117767853,78630,785,188144,0,0,0,NaN,NaN,NaN,NaN,NaN,NaN,NaN,NaN,NaN
2026-04-02 14:41:25,cake,117926157,78737,785,188442,0,0,0,NaN,NaN,NaN,NaN,NaN,NaN,NaN,NaN,NaN
2026-04-02 14:41:26,cake,117967554,78765,785,188516,0,0,0,NaN,NaN,NaN,NaN,NaN,NaN,NaN,NaN,NaN
2026-04-02 14:41:27,cake,118146606,78886,785,188864,0,0,0,NaN,NaN,NaN,NaN,NaN,NaN,NaN,NaN,NaN
2026-04-02 14:41:28,cake,118200167,78923,785,188965,0,0,0,NaN,NaN,NaN,NaN,NaN,NaN,NaN,NaN,NaN
2026-04-02 14:41:29,cake,118296227,78988,785,189146,0,0,0,NaN,NaN,NaN,NaN,NaN,NaN,NaN,NaN,NaN
2026-04-02 14:41:30,cake,118327936,79010,785,189202,0,0,0,NaN,NaN,NaN,NaN,NaN,NaN,NaN,NaN,NaN
2026-04-02 14:41:31,cake,118440298,79086,785,189299,0,0,0,NaN,NaN,NaN,NaN,NaN,NaN,NaN,NaN,NaN
2026-04-02 14:41:32,cake,118532650,79150,785,189349,0,0,0,NaN,NaN,NaN,NaN,NaN,NaN,NaN,NaN,NaN
2026-04-02 14:41:33,cake,118686508,79254,785,189593,0,0,0,NaN,NaN,NaN,NaN,NaN,NaN,NaN,NaN,NaN
2026-04-02 14:41:34,cake,118714108,79273,785,189640,0,0,0,NaN,NaN,NaN,NaN,NaN,NaN,NaN,NaN,NaN
2026-04-02 14:41:35,cake,118854628,79368,785,189916,0,0,0,NaN,NaN,NaN,NaN,NaN,NaN,NaN,NaN,NaN
2026-04-02 14:41:36,cake,118889639,79392,785,189978,0,0,0,NaN,NaN,NaN,NaN,NaN,NaN,NaN,NaN,NaN
2026-04-02 14:41:37,cake,118999037,79466,785,190191,0,0,0,NaN,NaN,NaN,NaN,NaN,NaN,NaN,NaN,NaN
2026-04-02 14:41:38,cake,119027518,79486,785,190241,0,0,0,NaN,NaN,NaN,NaN,NaN,NaN,NaN,NaN,NaN
