timestamp,qdisc_type,sent_bytes,sent_pkts,dropped,overlimits,requeues,backlog_bytes,backlog_pkts,prob,delay_c_us,delay_l_us,pkts_in_c,pkts_in_l,maxq,ecn_mark,step_mark,memory_used_bytes
2026-04-02 12:39:05,pfifo,7580,36,0,0,0,0,0,NaN,NaN,NaN,NaN,NaN,NaN,NaN,NaN,NaN
2026-04-02 12:39:06,pfifo,218679,184,0,0,0,0,0,NaN,NaN,NaN,NaN,NaN,NaN,NaN,NaN,NaN
2026-04-02 12:39:07,pfifo,1070829,759,0,0,0,20818,5,NaN,NaN,NaN,NaN,NaN,NaN,NaN,NaN,NaN
2026-04-02 12:39:08,pfifo,1689340,1179,24,0,0,20748,2,NaN,NaN,NaN,NaN,NaN,NaN,NaN,NaN,NaN
2026-04-02 12:39:09,pfifo,2575646,1778,24,0,0,28158,2,NaN,NaN,NaN,NaN,NaN,NaN,NaN,NaN,NaN
2026-04-02 12:39:10,pfifo,2884015,1988,56,0,0,28158,3,NaN,NaN,NaN,NaN,NaN,NaN,NaN,NaN,NaN
2026-04-02 12:39:11,pfifo,3768990,2586,60,0,0,25194,4,NaN,NaN,NaN,NaN,NaN,NaN,NaN,NaN,NaN
2026-04-02 12:39:12,pfifo,4037904,2770,60,0,0,17784,3,NaN,NaN,NaN,NaN,NaN,NaN,NaN,NaN,NaN
2026-04-02 12:39:13,pfifo,4924140,3368,61,0,0,44460,7,NaN,NaN,NaN,NaN,NaN,NaN,NaN,NaN,NaN
2026-04-02 12:39:14,pfifo,5342453,3651,83,0,0,16302,7,NaN,NaN,NaN,NaN,NaN,NaN,NaN,NaN,NaN
2026-04-02 12:39:15,pfifo,6061415,4137,83,0,0,0,0,NaN,NaN,NaN,NaN,NaN,NaN,NaN,NaN,NaN
2026-04-02 12:39:16,pfifo,6215272,4241,96,0,0,16302,2,NaN,NaN,NaN,NaN,NaN,NaN,NaN,NaN,NaN
2026-04-02 12:39:17,pfifo,6752448,4604,96,0,0,0,0,NaN,NaN,NaN,NaN,NaN,NaN,NaN,NaN,NaN
2026-04-02 12:39:18,pfifo,6860363,4677,105,0,0,16302,10,NaN,NaN,NaN,NaN,NaN,NaN,NaN,NaN,NaN
2026-04-02 12:39:19,pfifo,7533866,5133,105,0,0,0,0,NaN,NaN,NaN,NaN,NaN,NaN,NaN,NaN,NaN
2026-04-02 12:39:20,pfifo,7579538,5164,105,0,0,5928,4,NaN,NaN,NaN,NaN,NaN,NaN,NaN,NaN,NaN
2026-04-02 12:39:21,pfifo,8395281,5716,109,0,0,0,0,NaN,NaN,NaN,NaN,NaN,NaN,NaN,NaN,NaN
2026-04-02 12:39:22,pfifo,8412865,5729,109,0,0,8892,6,NaN,NaN,NaN,NaN,NaN,NaN,NaN,NaN,NaN
2026-04-02 12:39:23,pfifo,9216402,6273,114,0,0,0,0,NaN,NaN,NaN,NaN,NaN,NaN,NaN,NaN,NaN
2026-04-02 12:39:24,pfifo,9219095,6275,114,0,0,0,0,NaN,NaN,NaN,NaN,NaN,NaN,NaN,NaN,NaN
2026-04-02 12:39:25,pfifo,10075761,6854,116,0,0,21123,3,NaN,NaN,NaN,NaN,NaN,NaN,NaN,NaN,NaN
2026-04-02 12:39:26,pfifo,10097051,6871,116,0,0,0,0,NaN,NaN,NaN,NaN,NaN,NaN,NaN,NaN,NaN
2026-04-02 12:39:27,pfifo,10909137,7420,120,0,0,35568,6,NaN,NaN,NaN,NaN,NaN,NaN,NaN,NaN,NaN
2026-04-02 12:39:28,pfifo,11002510,7484,120,0,0,0,0,NaN,NaN,NaN,NaN,NaN,NaN,NaN,NaN,NaN
2026-04-02 12:39:29,pfifo,11777325,8007,123,0,0,26676,3,NaN,NaN,NaN,NaN,NaN,NaN,NaN,NaN,NaN
2026-04-02 12:39:30,pfifo,11953453,8127,123,0,0,0,0,NaN,NaN,NaN,NaN,NaN,NaN,NaN,NaN,NaN
2026-04-02 12:39:31,pfifo,12561492,8538,129,0,0,0,0,NaN,NaN,NaN,NaN,NaN,NaN,NaN,NaN,NaN
2026-04-02 12:39:32,pfifo,12561492,8538,129,0,0,0,0,NaN,NaN,NaN,NaN,NaN,NaN,NaN,NaN,NaN
2026-04-02 12:39:33,pfifo,13195518,8966,135,0,0,23712,4,NaN,NaN,NaN,NaN,NaN,NaN,NaN,NaN,NaN
2026-04-02 12:39:34,pfifo,13401945,9107,135,0,0,0,0,NaN,NaN,NaN,NaN,NaN,NaN,NaN,NaN,NaN
2026-04-02 12:39:35,pfifo,14004964,9516,145,0,0,20917,4,NaN,NaN,NaN,NaN,NaN,NaN,NaN,NaN,NaN
2026-04-02 12:39:36,pfifo,14816615,10071,145,0,0,13626,9,NaN,NaN,NaN,NaN,NaN,NaN,NaN,NaN,NaN
2026-04-02 12:39:37,pfifo,15698033,10659,223,0,0,29832,11,NaN,NaN,NaN,NaN,NaN,NaN,NaN,NaN,NaN
2026-04-02 12:39:38,pfifo,16521371,11211,236,0,0,3028,2,NaN,NaN,NaN,NaN,NaN,NaN,NaN,NaN,NaN
2026-04-02 12:39:39,pfifo,17357465,11771,287,0,0,0,0,NaN,NaN,NaN,NaN,NaN,NaN,NaN,NaN,NaN
2026-04-02 12:39:40,pfifo,18237099,12352,287,0,0,13626,9,NaN,NaN,NaN,NaN,NaN,NaN,NaN,NaN,NaN
2026-04-02 12:39:41,pfifo,19116855,12937,343,0,0,20940,12,NaN,NaN,NaN,NaN,NaN,NaN,NaN,NaN,NaN
2026-04-02 12:39:42,pfifo,19908532,13469,360,0,0,0,0,NaN,NaN,NaN,NaN,NaN,NaN,NaN,NaN,NaN
2026-04-02 12:39:43,pfifo,20712279,14004,391,0,0,17912,8,NaN,NaN,NaN,NaN,NaN,NaN,NaN,NaN,NaN
2026-04-02 12:39:44,pfifo,21475972,14513,406,0,0,0,0,NaN,NaN,NaN,NaN,NaN,NaN,NaN,NaN,NaN
2026-04-02 12:39:45,pfifo,22354671,15098,435,0,0,20972,11,NaN,NaN,NaN,NaN,NaN,NaN,NaN,NaN,NaN
2026-04-02 12:39:46,pfifo,23071063,15577,448,0,0,7570,5,NaN,NaN,NaN,NaN,NaN,NaN,NaN,NaN,NaN
2026-04-02 12:39:47,pfifo,23943022,16157,479,0,0,18040,10,NaN,NaN,NaN,NaN,NaN,NaN,NaN,NaN,NaN
2026-04-02 12:39:48,pfifo,24742941,16691,492,0,0,0,0,NaN,NaN,NaN,NaN,NaN,NaN,NaN,NaN,NaN
2026-04-02 12:39:49,pfifo,25618276,17274,524,0,0,17944,9,NaN,NaN,NaN,NaN,NaN,NaN,NaN,NaN,NaN
2026-04-02 12:39:50,pfifo,26429892,17819,539,0,0,4542,3,NaN,NaN,NaN,NaN,NaN,NaN,NaN,NaN,NaN
2026-04-02 12:39:51,pfifo,27306047,18403,574,0,0,12016,8,NaN,NaN,NaN,NaN,NaN,NaN,NaN,NaN,NaN
2026-04-02 12:39:52,pfifo,28140004,18959,585,0,0,13626,9,NaN,NaN,NaN,NaN,NaN,NaN,NaN,NaN,NaN
2026-04-02 12:39:53,pfifo,29018152,19544,604,0,0,17912,10,NaN,NaN,NaN,NaN,NaN,NaN,NaN,NaN,NaN
2026-04-02 12:39:54,pfifo,29891130,20128,645,0,0,22326,7,NaN,NaN,NaN,NaN,NaN,NaN,NaN,NaN,NaN
2026-04-02 12:39:55,pfifo,30773710,20722,652,0,0,38724,9,NaN,NaN,NaN,NaN,NaN,NaN,NaN,NaN,NaN
2026-04-02 12:39:56,pfifo,31628767,21298,689,0,0,23808,5,NaN,NaN,NaN,NaN,NaN,NaN,NaN,NaN,NaN
2026-04-02 12:39:57,pfifo,32498114,21883,692,0,0,1514,1,NaN,NaN,NaN,NaN,NaN,NaN,NaN,NaN,NaN
2026-04-02 12:39:58,pfifo,33278133,22406,730,0,0,22358,8,NaN,NaN,NaN,NaN,NaN,NaN,NaN,NaN,NaN
2026-04-02 12:39:59,pfifo,34161212,23000,749,0,0,23776,5,NaN,NaN,NaN,NaN,NaN,NaN,NaN,NaN,NaN
2026-04-02 12:40:00,pfifo,34955984,23532,788,0,0,19426,7,NaN,NaN,NaN,NaN,NaN,NaN,NaN,NaN,NaN
2026-04-02 12:40:01,pfifo,35829662,24119,800,0,0,53544,10,NaN,NaN,NaN,NaN,NaN,NaN,NaN,NaN,NaN
2026-04-02 12:40:02,pfifo,36616321,24647,827,0,0,6056,4,NaN,NaN,NaN,NaN,NaN,NaN,NaN,NaN,NaN
2026-04-02 12:40:03,pfifo,37428628,25184,827,0,0,12112,9,NaN,NaN,NaN,NaN,NaN,NaN,NaN,NaN,NaN
2026-04-02 12:40:04,pfifo,38307918,25768,878,0,0,20908,9,NaN,NaN,NaN,NaN,NaN,NaN,NaN,NaN,NaN
2026-04-02 12:40:05,pfifo,39070137,26276,889,0,0,12112,8,NaN,NaN,NaN,NaN,NaN,NaN,NaN,NaN,NaN
2026-04-02 12:40:06,pfifo,39951279,26862,929,0,0,,,NaN,NaN,NaN,NaN,NaN,NaN,NaN,NaN,NaN
2026-04-02 12:40:07,pfifo,40835527,27454,951,0,0,22358,7,NaN,NaN,NaN,NaN,NaN,NaN,NaN,NaN,NaN
2026-04-02 12:40:08,pfifo,41650643,27999,981,0,0,17880,6,NaN,NaN,NaN,NaN,NaN,NaN,NaN,NaN,NaN
2026-04-02 12:40:09,pfifo,42530175,28589,1013,0,0,21350,8,NaN,NaN,NaN,NaN,NaN,NaN,NaN,NaN,NaN
2026-04-02 12:40:10,pfifo,43281704,29089,1048,0,0,17976,10,NaN,NaN,NaN,NaN,NaN,NaN,NaN,NaN,NaN
2026-04-02 12:40:11,pfifo,44167878,29684,1067,0,0,23904,8,NaN,NaN,NaN,NaN,NaN,NaN,NaN,NaN,NaN
2026-04-02 12:40:12,pfifo,44934535,30194,1102,0,0,17976,9,NaN,NaN,NaN,NaN,NaN,NaN,NaN,NaN,NaN
2026-04-02 12:40:13,pfifo,45810125,30781,1125,0,0,23808,11,NaN,NaN,NaN,NaN,NaN,NaN,NaN,NaN,NaN
2026-04-02 12:40:14,pfifo,46590113,31300,1156,0,0,16494,10,NaN,NaN,NaN,NaN,NaN,NaN,NaN,NaN,NaN
2026-04-02 12:40:15,pfifo,47475701,31894,1174,0,0,32732,7,NaN,NaN,NaN,NaN,NaN,NaN,NaN,NaN,NaN
2026-04-02 12:40:16,pfifo,48298735,32442,1214,0,0,16366,11,NaN,NaN,NaN,NaN,NaN,NaN,NaN,NaN,NaN
2026-04-02 12:40:17,pfifo,49177329,33031,1239,0,0,28318,11,NaN,NaN,NaN,NaN,NaN,NaN,NaN,NaN,NaN
2026-04-02 12:40:18,pfifo,49986426,33570,1261,0,0,16462,8,NaN,NaN,NaN,NaN,NaN,NaN,NaN,NaN,NaN
2026-04-02 12:40:19,pfifo,50870148,34163,1286,0,0,37242,9,NaN,NaN,NaN,NaN,NaN,NaN,NaN,NaN,NaN
2026-04-02 12:40:20,pfifo,51630932,34671,1292,0,0,26868,12,NaN,NaN,NaN,NaN,NaN,NaN,NaN,NaN,NaN
2026-04-02 12:40:21,pfifo,52409732,35194,1349,0,0,0,0,NaN,NaN,NaN,NaN,NaN,NaN,NaN,NaN,NaN
2026-04-02 12:40:22,pfifo,53240583,35743,1355,0,0,35760,12,NaN,NaN,NaN,NaN,NaN,NaN,NaN,NaN,NaN
2026-04-02 12:40:23,pfifo,54079230,36306,1402,0,0,0,0,NaN,NaN,NaN,NaN,NaN,NaN,NaN,NaN,NaN
2026-04-02 12:40:24,pfifo,54869297,36829,1402,0,0,14429,10,NaN,NaN,NaN,NaN,NaN,NaN,NaN,NaN,NaN
2026-04-02 12:40:25,pfifo,55695143,37381,1458,0,0,1514,1,NaN,NaN,NaN,NaN,NaN,NaN,NaN,NaN,NaN
2026-04-02 12:40:26,pfifo,56537397,37938,1458,0,0,12112,8,NaN,NaN,NaN,NaN,NaN,NaN,NaN,NaN,NaN
2026-04-02 12:40:27,pfifo,57414184,38523,1498,0,0,13498,9,NaN,NaN,NaN,NaN,NaN,NaN,NaN,NaN,NaN
2026-04-02 12:40:28,pfifo,58229727,39071,1506,0,0,10598,7,NaN,NaN,NaN,NaN,NaN,NaN,NaN,NaN,NaN
2026-04-02 12:40:29,pfifo,59099423,39653,1550,0,0,17880,5,NaN,NaN,NaN,NaN,NaN,NaN,NaN,NaN,NaN
2026-04-02 12:40:30,pfifo,59830740,40140,1555,0,0,15140,10,NaN,NaN,NaN,NaN,NaN,NaN,NaN,NaN,NaN
2026-04-02 12:40:31,pfifo,60713435,40729,1618,0,0,20940,12,NaN,NaN,NaN,NaN,NaN,NaN,NaN,NaN,NaN
2026-04-02 12:40:32,pfifo,61475616,41243,1630,0,0,0,0,NaN,NaN,NaN,NaN,NaN,NaN,NaN,NaN,NaN
2026-04-02 12:40:33,pfifo,62327450,41813,1674,0,0,16494,10,NaN,NaN,NaN,NaN,NaN,NaN,NaN,NaN,NaN
2026-04-02 12:40:34,pfifo,63095471,42330,1680,0,0,0,0,NaN,NaN,NaN,NaN,NaN,NaN,NaN,NaN,NaN
2026-04-02 12:40:35,pfifo,63949916,42901,1723,0,0,22454,11,NaN,NaN,NaN,NaN,NaN,NaN,NaN,NaN,NaN
2026-04-02 12:40:36,pfifo,64675550,43386,1737,0,0,12916,9,NaN,NaN,NaN,NaN,NaN,NaN,NaN,NaN,NaN
2026-04-02 12:40:37,pfifo,65554268,43972,1784,0,0,8956,4,NaN,NaN,NaN,NaN,NaN,NaN,NaN,NaN,NaN
2026-04-02 12:40:38,pfifo,66417120,44551,1801,0,0,0,0,NaN,NaN,NaN,NaN,NaN,NaN,NaN,NaN,NaN
2026-04-02 12:40:39,pfifo,67185170,45066,1831,0,0,26868,12,NaN,NaN,NaN,NaN,NaN,NaN,NaN,NaN,NaN
2026-04-02 12:40:40,pfifo,67997934,45608,1833,0,0,13626,9,NaN,NaN,NaN,NaN,NaN,NaN,NaN,NaN,NaN
2026-04-02 12:40:41,pfifo,68878407,46195,1878,0,0,2996,2,NaN,NaN,NaN,NaN,NaN,NaN,NaN,NaN,NaN
2026-04-02 12:40:42,pfifo,69675070,46729,1883,0,0,7570,5,NaN,NaN,NaN,NaN,NaN,NaN,NaN,NaN,NaN
2026-04-02 12:40:43,pfifo,70553365,47315,1926,0,0,22486,11,NaN,NaN,NaN,NaN,NaN,NaN,NaN,NaN,NaN
2026-04-02 12:40:44,pfifo,71318065,47827,1936,0,0,12916,9,NaN,NaN,NaN,NaN,NaN,NaN,NaN,NaN,NaN
2026-04-02 12:40:45,pfifo,72195545,48412,1972,0,0,11920,7,NaN,NaN,NaN,NaN,NaN,NaN,NaN,NaN,NaN
2026-04-02 12:40:46,pfifo,73058174,48990,1991,0,0,26804,9,NaN,NaN,NaN,NaN,NaN,NaN,NaN,NaN,NaN
2026-04-02 12:40:47,pfifo,73926744,49575,2020,0,0,37210,9,NaN,NaN,NaN,NaN,NaN,NaN,NaN,NaN,NaN
2026-04-02 12:40:48,pfifo,74778295,50147,2035,0,0,0,0,NaN,NaN,NaN,NaN,NaN,NaN,NaN,NaN,NaN
2026-04-02 12:40:49,pfifo,75621029,50707,2083,0,0,16558,11,NaN,NaN,NaN,NaN,NaN,NaN,NaN,NaN,NaN
2026-04-02 12:40:50,pfifo,76499261,51295,2110,0,0,23904,9,NaN,NaN,NaN,NaN,NaN,NaN,NaN,NaN,NaN
2026-04-02 12:40:51,pfifo,77225440,51782,2134,0,0,22454,10,NaN,NaN,NaN,NaN,NaN,NaN,NaN,NaN,NaN
2026-04-02 12:40:52,pfifo,78103714,52371,2158,0,0,35632,9,NaN,NaN,NaN,NaN,NaN,NaN,NaN,NaN,NaN
2026-04-02 12:40:53,pfifo,78755852,52807,2183,0,0,31282,8,NaN,NaN,NaN,NaN,NaN,NaN,NaN,NaN,NaN
2026-04-02 12:40:54,pfifo,79587970,53362,2194,0,0,6056,4,NaN,NaN,NaN,NaN,NaN,NaN,NaN,NaN,NaN
2026-04-02 12:40:55,pfifo,80466702,53945,2225,0,0,17912,9,NaN,NaN,NaN,NaN,NaN,NaN,NaN,NaN,NaN
2026-04-02 12:40:56,pfifo,81349710,54537,2244,0,0,25290,7,NaN,NaN,NaN,NaN,NaN,NaN,NaN,NaN,NaN
2026-04-02 12:40:57,pfifo,82076211,55024,2286,0,0,13466,6,NaN,NaN,NaN,NaN,NaN,NaN,NaN,NaN,NaN
2026-04-02 12:40:58,pfifo,82849304,55541,2302,0,0,4542,3,NaN,NaN,NaN,NaN,NaN,NaN,NaN,NaN,NaN
2026-04-02 12:40:59,pfifo,83712569,56113,2328,0,0,15044,10,NaN,NaN,NaN,NaN,NaN,NaN,NaN,NaN,NaN
2026-04-02 12:41:00,pfifo,84536922,56664,2352,0,0,0,0,NaN,NaN,NaN,NaN,NaN,NaN,NaN,NaN,NaN
2026-04-02 12:41:01,pfifo,85358370,57207,2372,0,0,16430,11,NaN,NaN,NaN,NaN,NaN,NaN,NaN,NaN,NaN
2026-04-02 12:41:02,pfifo,86171000,57748,2394,0,0,9084,6,NaN,NaN,NaN,NaN,NaN,NaN,NaN,NaN,NaN
2026-04-02 12:41:03,pfifo,87049049,58330,2396,0,0,22486,11,NaN,NaN,NaN,NaN,NaN,NaN,NaN,NaN,NaN
2026-04-02 12:41:04,pfifo,87912148,58909,2446,0,0,0,0,NaN,NaN,NaN,NaN,NaN,NaN,NaN,NaN,NaN
2026-04-02 12:41:05,pfifo,88717596,59441,2446,0,0,14806,9,NaN,NaN,NaN,NaN,NaN,NaN,NaN,NaN,NaN
2026-04-02 12:41:06,pfifo,89526846,59983,2499,0,0,6056,4,NaN,NaN,NaN,NaN,NaN,NaN,NaN,NaN,NaN
2026-04-02 12:41:07,pfifo,90389826,60553,2499,0,0,12112,8,NaN,NaN,NaN,NaN,NaN,NaN,NaN,NaN,NaN
2026-04-02 12:41:08,pfifo,91273720,61143,2560,0,0,20940,9,NaN,NaN,NaN,NaN,NaN,NaN,NaN,NaN,NaN
2026-04-02 12:41:09,pfifo,92042106,61653,2560,0,0,10598,7,NaN,NaN,NaN,NaN,NaN,NaN,NaN,NaN,NaN
2026-04-02 12:41:10,pfifo,92919646,62238,2611,0,0,,,NaN,NaN,NaN,NaN,NaN,NaN,NaN,NaN,NaN
2026-04-02 12:41:11,pfifo,93655856,62727,2617,0,0,12112,8,NaN,NaN,NaN,NaN,NaN,NaN,NaN,NaN,NaN
2026-04-02 12:41:12,pfifo,94541144,63318,2661,0,0,22326,10,NaN,NaN,NaN,NaN,NaN,NaN,NaN,NaN,NaN
2026-04-02 12:41:13,pfifo,95328946,63841,2661,0,0,9084,6,NaN,NaN,NaN,NaN,NaN,NaN,NaN,NaN,NaN
2026-04-02 12:41:14,pfifo,96206646,64426,2716,0,0,16366,7,NaN,NaN,NaN,NaN,NaN,NaN,NaN,NaN,NaN
2026-04-02 12:41:15,pfifo,97032065,64980,2741,0,0,0,0,NaN,NaN,NaN,NaN,NaN,NaN,NaN,NaN,NaN
2026-04-02 12:41:16,pfifo,97878213,65545,2774,0,0,25290,6,NaN,NaN,NaN,NaN,NaN,NaN,NaN,NaN,NaN
2026-04-02 12:41:17,pfifo,98649680,66059,2780,0,0,15140,10,NaN,NaN,NaN,NaN,NaN,NaN,NaN,NaN,NaN
2026-04-02 12:41:18,pfifo,99528294,66645,2842,0,0,14948,10,NaN,NaN,NaN,NaN,NaN,NaN,NaN,NaN,NaN
2026-04-02 12:41:19,pfifo,100298567,67160,2857,0,0,0,0,NaN,NaN,NaN,NaN,NaN,NaN,NaN,NaN,NaN
2026-04-02 12:41:20,pfifo,101171887,67742,2904,0,0,17848,5,NaN,NaN,NaN,NaN,NaN,NaN,NaN,NaN,NaN
2026-04-02 12:41:21,pfifo,102031524,68313,2904,0,0,13626,9,NaN,NaN,NaN,NaN,NaN,NaN,NaN,NaN,NaN
2026-04-02 12:41:22,pfifo,102909478,68897,2961,0,0,8956,6,NaN,NaN,NaN,NaN,NaN,NaN,NaN,NaN,NaN
2026-04-02 12:41:23,pfifo,103738450,69455,2976,0,0,1514,1,NaN,NaN,NaN,NaN,NaN,NaN,NaN,NaN,NaN
2026-04-02 12:41:24,pfifo,104575870,70013,3002,0,0,,,NaN,NaN,NaN,NaN,NaN,NaN,NaN,NaN,NaN
2026-04-02 12:41:25,pfifo,105347717,70528,3012,0,0,10598,7,NaN,NaN,NaN,NaN,NaN,NaN,NaN,NaN,NaN
2026-04-02 12:41:26,pfifo,106225907,71112,3049,0,0,22422,10,NaN,NaN,NaN,NaN,NaN,NaN,NaN,NaN,NaN
2026-04-02 12:41:27,pfifo,107104789,71701,3063,0,0,34310,11,NaN,NaN,NaN,NaN,NaN,NaN,NaN,NaN,NaN
2026-04-02 12:41:28,pfifo,107843092,72195,3103,0,0,23968,11,NaN,NaN,NaN,NaN,NaN,NaN,NaN,NaN,NaN
2026-04-02 12:41:29,pfifo,108725132,72787,3123,0,0,28286,8,NaN,NaN,NaN,NaN,NaN,NaN,NaN,NaN,NaN
2026-04-02 12:41:30,pfifo,109491821,73300,3148,0,0,17944,9,NaN,NaN,NaN,NaN,NaN,NaN,NaN,NaN,NaN
2026-04-02 12:41:31,pfifo,110316949,73854,3180,0,0,0,0,NaN,NaN,NaN,NaN,NaN,NaN,NaN,NaN,NaN
2026-04-02 12:41:32,pfifo,111140499,74401,3205,0,0,9020,6,NaN,NaN,NaN,NaN,NaN,NaN,NaN,NaN,NaN
2026-04-02 12:41:33,pfifo,111932636,74932,3225,0,0,4542,3,NaN,NaN,NaN,NaN,NaN,NaN,NaN,NaN,NaN
2026-04-02 12:41:34,pfifo,112787552,75500,3253,0,0,18064,12,NaN,NaN,NaN,NaN,NaN,NaN,NaN,NaN,NaN
2026-04-02 12:41:35,pfifo,113534373,76002,3274,0,0,0,0,NaN,NaN,NaN,NaN,NaN,NaN,NaN,NaN,NaN
2026-04-02 12:41:36,pfifo,113630812,76075,3274,0,0,11856,2,NaN,NaN,NaN,NaN,NaN,NaN,NaN,NaN,NaN
2026-04-02 12:41:37,pfifo,113990458,76320,3274,0,0,0,0,NaN,NaN,NaN,NaN,NaN,NaN,NaN,NaN,NaN
2026-04-02 12:41:38,pfifo,114055648,76366,3281,0,0,10374,2,NaN,NaN,NaN,NaN,NaN,NaN,NaN,NaN,NaN
2026-04-02 12:41:39,pfifo,114603502,76737,3281,0,0,0,0,NaN,NaN,NaN,NaN,NaN,NaN,NaN,NaN,NaN
2026-04-02 12:41:40,pfifo,114636214,76762,3281,0,0,14820,7,NaN,NaN,NaN,NaN,NaN,NaN,NaN,NaN,NaN
2026-04-02 12:41:41,pfifo,115383549,77269,3281,0,0,0,0,NaN,NaN,NaN,NaN,NaN,NaN,NaN,NaN,NaN
2026-04-02 12:41:42,pfifo,115394283,77281,3281,0,0,0,0,NaN,NaN,NaN,NaN,NaN,NaN,NaN,NaN,NaN
2026-04-02 12:41:43,pfifo,115855995,77594,3288,0,0,0,0,NaN,NaN,NaN,NaN,NaN,NaN,NaN,NaN,NaN
2026-04-02 12:41:44,pfifo,115866729,77606,3288,0,0,0,0,NaN,NaN,NaN,NaN,NaN,NaN,NaN,NaN,NaN
2026-04-02 12:41:45,pfifo,116698173,78168,3293,0,0,14794,3,NaN,NaN,NaN,NaN,NaN,NaN,NaN,NaN,NaN
2026-04-02 12:41:46,pfifo,116726639,78192,3293,0,0,0,0,NaN,NaN,NaN,NaN,NaN,NaN,NaN,NaN,NaN
2026-04-02 12:41:47,pfifo,117514167,78725,3310,0,0,32604,5,NaN,NaN,NaN,NaN,NaN,NaN,NaN,NaN,NaN
2026-04-02 12:41:48,pfifo,117560714,78762,3310,0,0,0,0,NaN,NaN,NaN,NaN,NaN,NaN,NaN,NaN,NaN
2026-04-02 12:41:49,pfifo,118312622,79270,3318,0,0,29640,4,NaN,NaN,NaN,NaN,NaN,NaN,NaN,NaN,NaN
2026-04-02 12:41:50,pfifo,118543533,79431,3318,0,0,0,0,NaN,NaN,NaN,NaN,NaN,NaN,NaN,NaN,NaN
2026-04-02 12:41:51,pfifo,119250951,79910,3336,0,0,28158,4,NaN,NaN,NaN,NaN,NaN,NaN,NaN,NaN,NaN
2026-04-02 12:41:52,pfifo,119396204,80014,3336,0,0,0,0,NaN,NaN,NaN,NaN,NaN,NaN,NaN,NaN,NaN
2026-04-02 12:41:53,pfifo,120070370,80470,3344,0,0,31122,4,NaN,NaN,NaN,NaN,NaN,NaN,NaN,NaN,NaN
2026-04-02 12:41:54,pfifo,120603984,80834,3344,0,0,0,0,NaN,NaN,NaN,NaN,NaN,NaN,NaN,NaN,NaN
2026-04-02 12:41:55,pfifo,121237008,81263,3370,0,0,23712,3,NaN,NaN,NaN,NaN,NaN,NaN,NaN,NaN,NaN
2026-04-02 12:41:56,pfifo,122029566,81800,3381,0,0,19266,3,NaN,NaN,NaN,NaN,NaN,NaN,NaN,NaN,NaN
2026-04-02 12:41:57,pfifo,122861814,82364,3411,0,0,17776,12,NaN,NaN,NaN,NaN,NaN,NaN,NaN,NaN,NaN
2026-04-02 12:41:58,pfifo,123745078,82960,3412,0,0,29640,3,NaN,NaN,NaN,NaN,NaN,NaN,NaN,NaN,NaN
2026-04-02 12:41:59,pfifo,124079283,83186,3438,0,0,7410,1,NaN,NaN,NaN,NaN,NaN,NaN,NaN,NaN,NaN
2026-04-02 12:42:00,pfifo,124955145,83777,3439,0,0,32604,4,NaN,NaN,NaN,NaN,NaN,NaN,NaN,NaN,NaN
2026-04-02 12:42:01,pfifo,125186925,83935,3463,0,0,16302,11,NaN,NaN,NaN,NaN,NaN,NaN,NaN,NaN,NaN
2026-04-02 12:42:02,pfifo,125404724,84083,3466,0,0,0,0,NaN,NaN,NaN,NaN,NaN,NaN,NaN,NaN,NaN
2026-04-02 12:42:03,pfifo,125477072,84132,3471,0,0,1482,1,NaN,NaN,NaN,NaN,NaN,NaN,NaN,NaN,NaN
2026-04-02 12:42:04,pfifo,125794279,84347,3471,0,0,0,0,NaN,NaN,NaN,NaN,NaN,NaN,NaN,NaN,NaN
2026-04-02 12:42:05,pfifo,125819203,84364,3472,0,0,13338,9,NaN,NaN,NaN,NaN,NaN,NaN,NaN,NaN,NaN
2026-04-02 12:42:06,pfifo,126703957,84961,3472,0,0,41496,4,NaN,NaN,NaN,NaN,NaN,NaN,NaN,NaN,NaN
2026-04-02 12:42:07,pfifo,126876496,85078,3472,0,0,0,0,NaN,NaN,NaN,NaN,NaN,NaN,NaN,NaN,NaN
2026-04-02 12:42:08,pfifo,127740599,85662,3497,0,0,31122,3,NaN,NaN,NaN,NaN,NaN,NaN,NaN,NaN,NaN
2026-04-02 12:42:09,pfifo,128150695,85939,3497,0,0,0,0,NaN,NaN,NaN,NaN,NaN,NaN,NaN,NaN,NaN
2026-04-02 12:42:10,pfifo,128984880,86503,3529,0,0,23712,2,NaN,NaN,NaN,NaN,NaN,NaN,NaN,NaN,NaN
2026-04-02 12:42:11,pfifo,129490733,86845,3529,0,0,0,0,NaN,NaN,NaN,NaN,NaN,NaN,NaN,NaN,NaN
2026-04-02 12:42:12,pfifo,130277502,87377,3557,0,0,40014,5,NaN,NaN,NaN,NaN,NaN,NaN,NaN,NaN,NaN
2026-04-02 12:42:13,pfifo,130731595,87687,3557,0,0,0,0,NaN,NaN,NaN,NaN,NaN,NaN,NaN,NaN,NaN
2026-04-02 12:42:14,pfifo,131483857,88196,3582,0,0,25194,4,NaN,NaN,NaN,NaN,NaN,NaN,NaN,NaN,NaN
2026-04-02 12:42:15,pfifo,131992063,88540,3582,0,0,0,0,NaN,NaN,NaN,NaN,NaN,NaN,NaN,NaN,NaN
2026-04-02 12:42:17,pfifo,132706117,89022,3597,0,0,28158,4,NaN,NaN,NaN,NaN,NaN,NaN,NaN,NaN,NaN
2026-04-02 12:42:18,pfifo,133229109,89376,3597,0,0,0,0,NaN,NaN,NaN,NaN,NaN,NaN,NaN,NaN,NaN
2026-04-02 12:42:19,pfifo,133857823,89801,3616,0,0,16302,3,NaN,NaN,NaN,NaN,NaN,NaN,NaN,NaN,NaN
2026-04-02 12:42:20,pfifo,134204206,90036,3616,0,0,0,0,NaN,NaN,NaN,NaN,NaN,NaN,NaN,NaN,NaN
2026-04-02 12:42:21,pfifo,134824894,90455,3628,0,0,37050,4,NaN,NaN,NaN,NaN,NaN,NaN,NaN,NaN,NaN
2026-04-02 12:42:22,pfifo,135451131,90879,3628,0,0,0,0,NaN,NaN,NaN,NaN,NaN,NaN,NaN,NaN,NaN
2026-04-02 12:42:23,pfifo,135946821,91216,3652,0,0,17784,3,NaN,NaN,NaN,NaN,NaN,NaN,NaN,NaN,NaN
2026-04-02 12:42:24,pfifo,136024883,91271,3652,0,0,0,0,NaN,NaN,NaN,NaN,NaN,NaN,NaN,NaN,NaN
2026-04-02 12:42:25,pfifo,136463411,91568,3654,0,0,34086,4,NaN,NaN,NaN,NaN,NaN,NaN,NaN,NaN,NaN
