timestamp,qdisc_type,sent_bytes,sent_pkts,dropped,overlimits,requeues,backlog_bytes,backlog_pkts,prob,delay_c_us,delay_l_us,pkts_in_c,pkts_in_l,maxq,ecn_mark,step_mark,memory_used_bytes
2026-04-10 20:07:19,fq_codel,7210,37,0,0,0,0,0,NaN,NaN,NaN,NaN,NaN,NaN,NaN,NaN,NaN
2026-04-10 20:07:20,fq_codel,140814,131,0,0,0,0,0,NaN,NaN,NaN,NaN,NaN,NaN,NaN,NaN,NaN
2026-04-10 20:07:21,fq_codel,962640,686,0,0,0,8892,5,NaN,NaN,NaN,NaN,NaN,NaN,NaN,NaN,12992
2026-04-10 20:07:22,fq_codel,1816402,1267,0,0,0,10374,7,NaN,NaN,NaN,NaN,NaN,NaN,NaN,NaN,16128
2026-04-10 20:07:23,fq_codel,2664728,1843,0,0,0,16302,11,NaN,NaN,NaN,NaN,NaN,NaN,NaN,NaN,25344
2026-04-10 20:07:24,fq_codel,3543985,2441,0,0,0,7410,4,NaN,NaN,NaN,NaN,NaN,NaN,NaN,NaN,10688
2026-04-10 20:07:25,fq_codel,3861827,2658,0,0,0,13338,9,NaN,NaN,NaN,NaN,NaN,NaN,NaN,NaN,20736
2026-04-10 20:07:26,fq_codel,4739278,3251,0,0,0,14820,10,NaN,NaN,NaN,NaN,NaN,NaN,NaN,NaN,23040
2026-04-10 20:07:27,fq_codel,5104160,3500,0,0,0,7410,5,NaN,NaN,NaN,NaN,NaN,NaN,NaN,NaN,11520
2026-04-10 20:07:28,fq_codel,5982986,4093,0,0,0,11856,7,NaN,NaN,NaN,NaN,NaN,NaN,NaN,NaN,17600
2026-04-10 20:07:29,fq_codel,6232390,4263,0,0,0,7410,4,NaN,NaN,NaN,NaN,NaN,NaN,NaN,NaN,10688
2026-04-10 20:07:30,fq_codel,7111216,4856,0,0,0,16302,11,NaN,NaN,NaN,NaN,NaN,NaN,NaN,NaN,25344
2026-04-10 20:07:31,fq_codel,7314938,4994,0,0,0,8892,6,NaN,NaN,NaN,NaN,NaN,NaN,NaN,NaN,13824
2026-04-10 20:07:32,fq_codel,7835024,5345,0,0,0,0,0,NaN,NaN,NaN,NaN,NaN,NaN,NaN,NaN,NaN
2026-04-10 20:07:33,fq_codel,7885239,5380,0,0,0,14820,10,NaN,NaN,NaN,NaN,NaN,NaN,NaN,NaN,23040
2026-04-10 20:07:34,fq_codel,8764259,5975,0,0,0,10374,7,NaN,NaN,NaN,NaN,NaN,NaN,NaN,NaN,16128
2026-04-10 20:07:35,fq_codel,9618057,6552,0,0,0,5928,4,NaN,NaN,NaN,NaN,NaN,NaN,NaN,NaN,9216
2026-04-10 20:07:36,fq_codel,10474543,7132,0,0,0,8892,5,NaN,NaN,NaN,NaN,NaN,NaN,NaN,NaN,12992
2026-04-10 20:07:37,fq_codel,11203176,7625,0,0,0,0,0,NaN,NaN,NaN,NaN,NaN,NaN,NaN,NaN,NaN
2026-04-10 20:07:38,fq_codel,11641647,7922,0,0,0,10374,6,NaN,NaN,NaN,NaN,NaN,NaN,NaN,NaN,15296
2026-04-10 20:07:39,fq_codel,12017260,8178,0,0,0,0,0,NaN,NaN,NaN,NaN,NaN,NaN,NaN,NaN,NaN
2026-04-10 20:07:40,fq_codel,12437878,8462,0,0,0,8892,6,NaN,NaN,NaN,NaN,NaN,NaN,NaN,NaN,13824
2026-04-10 20:07:41,fq_codel,13028765,8863,0,0,0,0,0,NaN,NaN,NaN,NaN,NaN,NaN,NaN,NaN,NaN
2026-04-10 20:07:42,fq_codel,13406512,9119,0,0,0,8892,6,NaN,NaN,NaN,NaN,NaN,NaN,NaN,NaN,13824
2026-04-10 20:07:43,fq_codel,14285699,9716,0,0,0,11856,7,NaN,NaN,NaN,NaN,NaN,NaN,NaN,NaN,17600
2026-04-10 20:07:44,fq_codel,14639950,9956,0,0,0,11856,8,NaN,NaN,NaN,NaN,NaN,NaN,NaN,NaN,18432
2026-04-10 20:07:45,fq_codel,15164788,10312,0,0,0,0,0,NaN,NaN,NaN,NaN,NaN,NaN,NaN,NaN,NaN
2026-04-10 20:07:46,fq_codel,15443133,10500,0,0,0,10374,7,NaN,NaN,NaN,NaN,NaN,NaN,NaN,NaN,16128
2026-04-10 20:07:47,fq_codel,16270510,11059,0,0,0,0,0,NaN,NaN,NaN,NaN,NaN,NaN,NaN,NaN,NaN
2026-04-10 20:07:48,fq_codel,16408066,11152,0,0,0,1482,1,NaN,NaN,NaN,NaN,NaN,NaN,NaN,NaN,2304
2026-04-10 20:07:49,fq_codel,17246211,11720,0,0,0,0,0,NaN,NaN,NaN,NaN,NaN,NaN,NaN,NaN,NaN
2026-04-10 20:07:50,fq_codel,17437118,11849,0,0,0,7410,5,NaN,NaN,NaN,NaN,NaN,NaN,NaN,NaN,11520
2026-04-10 20:07:51,fq_codel,18316138,12444,0,0,0,8892,6,NaN,NaN,NaN,NaN,NaN,NaN,NaN,NaN,13824
2026-04-10 20:07:52,fq_codel,18561071,12610,0,0,0,11856,8,NaN,NaN,NaN,NaN,NaN,NaN,NaN,NaN,18432
2026-04-10 20:07:53,fq_codel,19438609,13204,0,0,0,11856,8,NaN,NaN,NaN,NaN,NaN,NaN,NaN,NaN,18432
2026-04-10 20:07:54,fq_codel,19733761,13404,0,0,0,5928,4,NaN,NaN,NaN,NaN,NaN,NaN,NaN,NaN,9216
2026-04-10 20:07:55,fq_codel,20611202,13997,0,0,0,16302,11,NaN,NaN,NaN,NaN,NaN,NaN,NaN,NaN,25344
2026-04-10 20:07:56,fq_codel,20885813,14184,0,0,0,8892,6,NaN,NaN,NaN,NaN,NaN,NaN,NaN,NaN,13824
2026-04-10 20:07:57,fq_codel,21765027,14781,0,0,0,10374,6,NaN,NaN,NaN,NaN,NaN,NaN,NaN,NaN,15296
2026-04-10 20:07:58,fq_codel,22072546,14991,0,0,0,14820,10,NaN,NaN,NaN,NaN,NaN,NaN,NaN,NaN,23040
2026-04-10 20:07:59,fq_codel,22949987,15584,0,0,0,14820,10,NaN,NaN,NaN,NaN,NaN,NaN,NaN,NaN,23040
2026-04-10 20:08:00,fq_codel,23273881,15803,0,0,0,2964,1,NaN,NaN,NaN,NaN,NaN,NaN,NaN,NaN,3776
2026-04-10 20:08:01,fq_codel,24152804,16397,0,0,0,8892,5,NaN,NaN,NaN,NaN,NaN,NaN,NaN,NaN,12992
2026-04-10 20:08:02,fq_codel,24423167,16581,0,0,0,0,0,NaN,NaN,NaN,NaN,NaN,NaN,NaN,NaN,NaN
2026-04-10 20:08:03,fq_codel,24747675,16801,0,0,0,0,0,NaN,NaN,NaN,NaN,NaN,NaN,NaN,NaN,NaN
2026-04-10 20:08:04,fq_codel,24747675,16801,0,0,0,0,0,NaN,NaN,NaN,NaN,NaN,NaN,NaN,NaN,NaN
2026-04-10 20:08:05,fq_codel,25137233,17065,0,0,0,0,0,NaN,NaN,NaN,NaN,NaN,NaN,NaN,NaN,NaN
2026-04-10 20:08:06,fq_codel,25137233,17065,0,0,0,0,0,NaN,NaN,NaN,NaN,NaN,NaN,NaN,NaN,NaN
2026-04-10 20:08:07,fq_codel,25870649,17561,0,0,0,8892,5,NaN,NaN,NaN,NaN,NaN,NaN,NaN,NaN,12992
2026-04-10 20:08:08,fq_codel,26217107,17797,0,0,0,0,0,NaN,NaN,NaN,NaN,NaN,NaN,NaN,NaN,NaN
2026-04-10 20:08:09,fq_codel,26909027,18265,0,0,0,5928,4,NaN,NaN,NaN,NaN,NaN,NaN,NaN,NaN,9216
2026-04-10 20:08:10,fq_codel,27494327,18663,0,0,0,0,0,NaN,NaN,NaN,NaN,NaN,NaN,NaN,NaN,NaN
2026-04-10 20:08:11,fq_codel,28141927,19103,0,0,0,11856,8,NaN,NaN,NaN,NaN,NaN,NaN,NaN,NaN,18432
2026-04-10 20:08:12,fq_codel,28834694,19572,0,0,0,0,0,NaN,NaN,NaN,NaN,NaN,NaN,NaN,NaN,NaN
2026-04-10 20:08:13,fq_codel,29461503,19997,0,0,0,14820,10,NaN,NaN,NaN,NaN,NaN,NaN,NaN,NaN,23040
2026-04-10 20:08:14,fq_codel,30074116,20413,0,0,0,0,0,NaN,NaN,NaN,NaN,NaN,NaN,NaN,NaN,NaN
2026-04-10 20:08:15,fq_codel,30659235,20808,0,0,0,10374,7,NaN,NaN,NaN,NaN,NaN,NaN,NaN,NaN,16128
2026-04-10 20:08:16,fq_codel,31333700,21265,0,0,0,0,0,NaN,NaN,NaN,NaN,NaN,NaN,NaN,NaN,NaN
2026-04-10 20:08:17,fq_codel,31763279,21556,0,0,0,7410,5,NaN,NaN,NaN,NaN,NaN,NaN,NaN,NaN,11520
2026-04-10 20:08:18,fq_codel,32570894,22102,0,0,0,0,0,NaN,NaN,NaN,NaN,NaN,NaN,NaN,NaN,NaN
2026-04-10 20:08:19,fq_codel,33047924,22425,0,0,0,16302,11,NaN,NaN,NaN,NaN,NaN,NaN,NaN,NaN,25344
2026-04-10 20:08:20,fq_codel,33806932,22941,0,0,0,0,0,NaN,NaN,NaN,NaN,NaN,NaN,NaN,NaN,NaN
2026-04-10 20:08:21,fq_codel,34266179,23252,0,0,0,8892,6,NaN,NaN,NaN,NaN,NaN,NaN,NaN,NaN,13824
2026-04-10 20:08:22,fq_codel,35054029,23785,0,0,0,0,0,NaN,NaN,NaN,NaN,NaN,NaN,NaN,NaN,NaN
2026-04-10 20:08:23,fq_codel,35471779,24068,0,0,0,10374,6,NaN,NaN,NaN,NaN,NaN,NaN,NaN,NaN,15296
2026-04-10 20:08:24,fq_codel,35987448,24420,0,0,0,0,0,NaN,NaN,NaN,NaN,NaN,NaN,NaN,NaN,NaN
2026-04-10 20:08:25,fq_codel,36344437,24662,0,0,0,10374,7,NaN,NaN,NaN,NaN,NaN,NaN,NaN,NaN,16128
2026-04-10 20:08:26,fq_codel,36842115,25000,0,0,0,0,0,NaN,NaN,NaN,NaN,NaN,NaN,NaN,NaN,NaN
2026-04-10 20:08:27,fq_codel,37166596,25221,0,0,0,10374,7,NaN,NaN,NaN,NaN,NaN,NaN,NaN,NaN,16128
2026-04-10 20:08:28,fq_codel,38007171,25790,0,0,0,0,0,NaN,NaN,NaN,NaN,NaN,NaN,NaN,NaN,NaN
2026-04-10 20:08:29,fq_codel,38312192,25996,0,0,0,11856,8,NaN,NaN,NaN,NaN,NaN,NaN,NaN,NaN,18432
2026-04-10 20:08:30,fq_codel,39167214,26575,0,0,0,8892,6,NaN,NaN,NaN,NaN,NaN,NaN,NaN,NaN,13824
2026-04-10 20:08:31,fq_codel,40046137,27169,0,0,0,8892,6,NaN,NaN,NaN,NaN,NaN,NaN,NaN,NaN,13824
2026-04-10 20:08:32,fq_codel,40895809,27747,0,0,0,10374,7,NaN,NaN,NaN,NaN,NaN,NaN,NaN,NaN,16128
2026-04-10 20:08:33,fq_codel,41399354,28088,0,0,0,0,0,NaN,NaN,NaN,NaN,NaN,NaN,NaN,NaN,NaN
2026-04-10 20:08:34,fq_codel,42144530,28591,0,0,0,5928,4,NaN,NaN,NaN,NaN,NaN,NaN,NaN,NaN,9216
2026-04-10 20:08:35,fq_codel,42619702,28915,0,0,0,0,0,NaN,NaN,NaN,NaN,NaN,NaN,NaN,NaN,NaN
2026-04-10 20:08:36,fq_codel,43322191,29392,0,0,0,10374,6,NaN,NaN,NaN,NaN,NaN,NaN,NaN,NaN,15296
2026-04-10 20:08:37,fq_codel,43965559,29830,0,0,0,0,0,NaN,NaN,NaN,NaN,NaN,NaN,NaN,NaN,NaN
2026-04-10 20:08:38,fq_codel,44626357,30277,0,0,0,8892,6,NaN,NaN,NaN,NaN,NaN,NaN,NaN,NaN,13824
2026-04-10 20:08:39,fq_codel,45150293,30634,0,0,0,0,0,NaN,NaN,NaN,NaN,NaN,NaN,NaN,NaN,NaN
2026-04-10 20:08:40,fq_codel,45797656,31071,0,0,0,14820,10,NaN,NaN,NaN,NaN,NaN,NaN,NaN,NaN,23040
2026-04-10 20:08:41,fq_codel,46452884,31516,0,0,0,0,0,NaN,NaN,NaN,NaN,NaN,NaN,NaN,NaN,NaN
2026-04-10 20:08:42,fq_codel,47033558,31908,0,0,0,8892,6,NaN,NaN,NaN,NaN,NaN,NaN,NaN,NaN,13824
2026-04-10 20:08:43,fq_codel,47683113,32348,0,0,0,0,0,NaN,NaN,NaN,NaN,NaN,NaN,NaN,NaN,NaN
2026-04-10 20:08:44,fq_codel,48246002,32728,0,0,0,13338,9,NaN,NaN,NaN,NaN,NaN,NaN,NaN,NaN,20736
2026-04-10 20:08:45,fq_codel,48969201,33220,0,0,0,0,0,NaN,NaN,NaN,NaN,NaN,NaN,NaN,NaN,NaN
2026-04-10 20:08:46,fq_codel,49495040,33575,0,0,0,5928,3,NaN,NaN,NaN,NaN,NaN,NaN,NaN,NaN,8384
2026-04-10 20:08:47,fq_codel,49969145,33898,0,0,0,0,0,NaN,NaN,NaN,NaN,NaN,NaN,NaN,NaN,NaN
2026-04-10 20:08:48,fq_codel,50453683,34227,0,0,0,13338,9,NaN,NaN,NaN,NaN,NaN,NaN,NaN,NaN,20736
2026-04-10 20:08:49,fq_codel,51275486,34783,0,0,0,0,0,NaN,NaN,NaN,NaN,NaN,NaN,NaN,NaN,NaN
2026-04-10 20:08:50,fq_codel,51719815,35083,0,0,0,8892,6,NaN,NaN,NaN,NaN,NaN,NaN,NaN,NaN,13824
2026-04-10 20:08:51,fq_codel,52536233,35637,0,0,0,0,0,NaN,NaN,NaN,NaN,NaN,NaN,NaN,NaN,NaN
2026-04-10 20:08:52,fq_codel,52916933,35895,0,0,0,8892,6,NaN,NaN,NaN,NaN,NaN,NaN,NaN,NaN,13824
2026-04-10 20:08:53,fq_codel,53713852,36433,0,0,0,0,0,NaN,NaN,NaN,NaN,NaN,NaN,NaN,NaN,NaN
2026-04-10 20:08:54,fq_codel,54078153,36679,0,0,0,10374,6,NaN,NaN,NaN,NaN,NaN,NaN,NaN,NaN,15296
2026-04-10 20:08:55,fq_codel,54955691,37273,0,0,0,14820,10,NaN,NaN,NaN,NaN,NaN,NaN,NaN,NaN,23040
2026-04-10 20:08:56,fq_codel,55371704,37557,0,0,0,8892,5,NaN,NaN,NaN,NaN,NaN,NaN,NaN,NaN,12992
2026-04-10 20:08:57,fq_codel,56115862,38061,0,0,0,11856,7,NaN,NaN,NaN,NaN,NaN,NaN,NaN,NaN,17600
2026-04-10 20:08:58,fq_codel,56414171,38264,0,0,0,13338,9,NaN,NaN,NaN,NaN,NaN,NaN,NaN,NaN,20736
2026-04-10 20:08:59,fq_codel,57252408,38834,0,0,0,0,0,NaN,NaN,NaN,NaN,NaN,NaN,NaN,NaN,NaN
2026-04-10 20:09:00,fq_codel,57461197,38976,0,0,0,16302,11,NaN,NaN,NaN,NaN,NaN,NaN,NaN,NaN,25344
2026-04-10 20:09:01,fq_codel,58340314,39572,0,0,0,8892,5,NaN,NaN,NaN,NaN,NaN,NaN,NaN,NaN,12992
2026-04-10 20:09:02,fq_codel,58723119,39833,0,0,0,7410,5,NaN,NaN,NaN,NaN,NaN,NaN,NaN,NaN,11520
2026-04-10 20:09:03,fq_codel,59200883,40159,0,0,0,0,0,NaN,NaN,NaN,NaN,NaN,NaN,NaN,NaN,NaN
2026-04-10 20:09:04,fq_codel,59332510,40248,0,0,0,5928,4,NaN,NaN,NaN,NaN,NaN,NaN,NaN,NaN,9216
2026-04-10 20:09:05,fq_codel,60194453,40831,0,0,0,0,0,NaN,NaN,NaN,NaN,NaN,NaN,NaN,NaN,NaN
2026-04-10 20:09:06,fq_codel,60306815,40907,0,0,0,8892,6,NaN,NaN,NaN,NaN,NaN,NaN,NaN,NaN,13824
2026-04-10 20:09:07,fq_codel,61187414,41504,0,0,0,7410,4,NaN,NaN,NaN,NaN,NaN,NaN,NaN,NaN,10688
2026-04-10 20:09:08,fq_codel,61419157,41661,0,0,0,11856,8,NaN,NaN,NaN,NaN,NaN,NaN,NaN,NaN,18432
2026-04-10 20:09:09,fq_codel,62296501,42253,0,0,0,11856,8,NaN,NaN,NaN,NaN,NaN,NaN,NaN,NaN,18432
2026-04-10 20:09:10,fq_codel,62619232,42472,0,0,0,0,0,NaN,NaN,NaN,NaN,NaN,NaN,NaN,NaN,NaN
2026-04-10 20:09:11,fq_codel,63487920,43061,0,0,0,11856,8,NaN,NaN,NaN,NaN,NaN,NaN,NaN,NaN,18432
2026-04-10 20:09:12,fq_codel,63803226,43275,0,0,0,0,0,NaN,NaN,NaN,NaN,NaN,NaN,NaN,NaN,NaN
2026-04-10 20:09:13,fq_codel,64667426,43860,0,0,0,7410,5,NaN,NaN,NaN,NaN,NaN,NaN,NaN,NaN,11520
2026-04-10 20:09:14,fq_codel,65127884,44172,0,0,0,0,0,NaN,NaN,NaN,NaN,NaN,NaN,NaN,NaN,NaN
2026-04-10 20:09:15,fq_codel,65951702,44729,0,0,0,11856,8,NaN,NaN,NaN,NaN,NaN,NaN,NaN,NaN,18432
2026-04-10 20:09:16,fq_codel,66413276,45046,0,0,0,0,0,NaN,NaN,NaN,NaN,NaN,NaN,NaN,NaN,NaN
2026-04-10 20:09:17,fq_codel,67125944,45528,0,0,0,10374,7,NaN,NaN,NaN,NaN,NaN,NaN,NaN,NaN,16128
2026-04-10 20:09:18,fq_codel,67142867,45542,0,0,0,0,0,NaN,NaN,NaN,NaN,NaN,NaN,NaN,NaN,NaN
2026-04-10 20:09:19,fq_codel,67855535,46024,0,0,0,14820,10,NaN,NaN,NaN,NaN,NaN,NaN,NaN,NaN,23040
2026-04-10 20:09:20,fq_codel,68087852,46183,0,0,0,0,0,NaN,NaN,NaN,NaN,NaN,NaN,NaN,NaN,NaN
2026-04-10 20:09:21,fq_codel,68759025,46637,0,0,0,10374,7,NaN,NaN,NaN,NaN,NaN,NaN,NaN,NaN,16128
2026-04-10 20:09:22,fq_codel,69414640,47082,0,0,0,0,0,NaN,NaN,NaN,NaN,NaN,NaN,NaN,NaN,NaN
2026-04-10 20:09:23,fq_codel,70065065,47522,0,0,0,5928,4,NaN,NaN,NaN,NaN,NaN,NaN,NaN,NaN,9216
2026-04-10 20:09:24,fq_codel,70676024,47936,0,0,0,0,0,NaN,NaN,NaN,NaN,NaN,NaN,NaN,NaN,NaN
2026-04-10 20:09:25,fq_codel,71261338,48333,0,0,0,11856,8,NaN,NaN,NaN,NaN,NaN,NaN,NaN,NaN,18432
2026-04-10 20:09:26,fq_codel,71963621,48808,0,0,0,0,0,NaN,NaN,NaN,NaN,NaN,NaN,NaN,NaN,NaN
2026-04-10 20:09:27,fq_codel,72531053,49192,0,0,0,14820,10,NaN,NaN,NaN,NaN,NaN,NaN,NaN,NaN,23040
2026-04-10 20:09:28,fq_codel,73110574,49585,0,0,0,0,0,NaN,NaN,NaN,NaN,NaN,NaN,NaN,NaN,NaN
2026-04-10 20:09:29,fq_codel,73636484,49941,0,0,0,7410,5,NaN,NaN,NaN,NaN,NaN,NaN,NaN,NaN,11520
2026-04-10 20:09:30,fq_codel,74490499,50519,0,0,0,8892,6,NaN,NaN,NaN,NaN,NaN,NaN,NaN,NaN,13824
2026-04-10 20:09:31,fq_codel,75330403,51086,0,0,0,16302,11,NaN,NaN,NaN,NaN,NaN,NaN,NaN,NaN,25344
2026-04-10 20:09:32,fq_codel,76033309,51564,0,0,0,0,0,NaN,NaN,NaN,NaN,NaN,NaN,NaN,NaN,NaN
2026-04-10 20:09:33,fq_codel,76465783,51856,0,0,0,16302,11,NaN,NaN,NaN,NaN,NaN,NaN,NaN,NaN,25344
2026-04-10 20:09:34,fq_codel,76991950,52212,0,0,0,0,0,NaN,NaN,NaN,NaN,NaN,NaN,NaN,NaN,NaN
2026-04-10 20:09:35,fq_codel,77286598,52411,0,0,0,13338,9,NaN,NaN,NaN,NaN,NaN,NaN,NaN,NaN,20736
2026-04-10 20:09:36,fq_codel,78165618,53006,0,0,0,8892,6,NaN,NaN,NaN,NaN,NaN,NaN,NaN,NaN,13824
2026-04-10 20:09:37,fq_codel,78573946,53284,0,0,0,8892,5,NaN,NaN,NaN,NaN,NaN,NaN,NaN,NaN,12992
2026-04-10 20:09:38,fq_codel,79032484,53595,0,0,0,0,0,NaN,NaN,NaN,NaN,NaN,NaN,NaN,NaN,NaN
2026-04-10 20:09:39,fq_codel,79318240,53788,0,0,0,13338,9,NaN,NaN,NaN,NaN,NaN,NaN,NaN,NaN,20736
2026-04-10 20:09:40,fq_codel,80044073,54281,0,0,0,0,0,NaN,NaN,NaN,NaN,NaN,NaN,NaN,NaN,NaN
2026-04-10 20:09:41,fq_codel,80312045,54462,0,0,0,16302,11,NaN,NaN,NaN,NaN,NaN,NaN,NaN,NaN,25344
2026-04-10 20:09:42,fq_codel,81192450,55057,0,0,0,10374,7,NaN,NaN,NaN,NaN,NaN,NaN,NaN,NaN,16128
2026-04-10 20:09:43,fq_codel,81558662,55306,0,0,0,14820,10,NaN,NaN,NaN,NaN,NaN,NaN,NaN,NaN,23040
2026-04-10 20:09:44,fq_codel,82180008,55729,0,0,0,0,0,NaN,NaN,NaN,NaN,NaN,NaN,NaN,NaN,NaN
2026-04-10 20:09:45,fq_codel,82351650,55845,0,0,0,10374,6,NaN,NaN,NaN,NaN,NaN,NaN,NaN,NaN,15296
2026-04-10 20:09:46,fq_codel,83235019,56442,0,0,0,7410,5,NaN,NaN,NaN,NaN,NaN,NaN,NaN,NaN,11520
2026-04-10 20:09:47,fq_codel,83340384,56514,0,0,0,0,0,NaN,NaN,NaN,NaN,NaN,NaN,NaN,NaN,NaN
2026-04-10 20:09:48,fq_codel,84216385,57107,0,0,0,11856,8,NaN,NaN,NaN,NaN,NaN,NaN,NaN,NaN,18432
2026-04-10 20:09:49,fq_codel,84372445,57214,0,0,0,7410,5,NaN,NaN,NaN,NaN,NaN,NaN,NaN,NaN,11520
2026-04-10 20:09:50,fq_codel,85251368,57808,0,0,0,11856,8,NaN,NaN,NaN,NaN,NaN,NaN,NaN,NaN,18432
2026-04-10 20:09:51,fq_codel,85499276,57976,0,0,0,11856,8,NaN,NaN,NaN,NaN,NaN,NaN,NaN,NaN,18432
2026-04-10 20:09:52,fq_codel,86381163,58572,0,0,0,8892,6,NaN,NaN,NaN,NaN,NaN,NaN,NaN,NaN,13824
2026-04-10 20:09:53,fq_codel,86649734,58755,0,0,0,8892,6,NaN,NaN,NaN,NaN,NaN,NaN,NaN,NaN,13824
2026-04-10 20:09:54,fq_codel,87528657,59349,0,0,0,14820,10,NaN,NaN,NaN,NaN,NaN,NaN,NaN,NaN,23040
2026-04-10 20:09:55,fq_codel,87840401,59562,0,0,0,0,0,NaN,NaN,NaN,NaN,NaN,NaN,NaN,NaN,NaN
2026-04-10 20:09:56,fq_codel,88713396,60152,0,0,0,10374,6,NaN,NaN,NaN,NaN,NaN,NaN,NaN,NaN,15296
2026-04-10 20:09:57,fq_codel,89040403,60373,0,0,0,0,0,NaN,NaN,NaN,NaN,NaN,NaN,NaN,NaN,NaN
2026-04-10 20:09:58,fq_codel,89745662,60850,0,0,0,10374,7,NaN,NaN,NaN,NaN,NaN,NaN,NaN,NaN,16128
2026-04-10 20:09:59,fq_codel,90283508,61216,0,0,0,0,0,NaN,NaN,NaN,NaN,NaN,NaN,NaN,NaN,NaN
2026-04-10 20:10:00,fq_codel,91082036,61755,0,0,0,5928,4,NaN,NaN,NaN,NaN,NaN,NaN,NaN,NaN,9216
2026-04-10 20:10:01,fq_codel,91435712,61996,0,0,0,0,0,NaN,NaN,NaN,NaN,NaN,NaN,NaN,NaN,NaN
2026-04-10 20:10:02,fq_codel,91762915,62218,0,0,0,0,0,NaN,NaN,NaN,NaN,NaN,NaN,NaN,NaN,NaN
2026-04-10 20:10:03,fq_codel,91762915,62218,0,0,0,0,0,NaN,NaN,NaN,NaN,NaN,NaN,NaN,NaN,NaN
2026-04-10 20:10:04,fq_codel,92152475,62482,0,0,0,0,0,NaN,NaN,NaN,NaN,NaN,NaN,NaN,NaN,NaN
2026-04-10 20:10:05,fq_codel,92152475,62482,0,0,0,0,0,NaN,NaN,NaN,NaN,NaN,NaN,NaN,NaN,NaN
2026-04-10 20:10:06,fq_codel,92823542,62935,0,0,0,11856,8,NaN,NaN,NaN,NaN,NaN,NaN,NaN,NaN,18432
2026-04-10 20:10:07,fq_codel,93235136,63214,0,0,0,0,0,NaN,NaN,NaN,NaN,NaN,NaN,NaN,NaN,NaN
2026-04-10 20:10:08,fq_codel,93839610,63623,0,0,0,13338,8,NaN,NaN,NaN,NaN,NaN,NaN,NaN,NaN,19904
2026-04-10 20:10:09,fq_codel,94515238,64081,0,0,0,0,0,NaN,NaN,NaN,NaN,NaN,NaN,NaN,NaN,NaN
2026-04-10 20:10:10,fq_codel,95079610,64462,0,0,0,11856,7,NaN,NaN,NaN,NaN,NaN,NaN,NaN,NaN,17600
2026-04-10 20:10:11,fq_codel,95855640,64989,0,0,0,0,0,NaN,NaN,NaN,NaN,NaN,NaN,NaN,NaN,NaN
2026-04-10 20:10:12,fq_codel,96356387,65328,0,0,0,10374,6,NaN,NaN,NaN,NaN,NaN,NaN,NaN,NaN,15296
2026-04-10 20:10:13,fq_codel,97095140,65830,0,0,0,0,0,NaN,NaN,NaN,NaN,NaN,NaN,NaN,NaN,NaN
2026-04-10 20:10:14,fq_codel,97552909,66140,0,0,0,13338,9,NaN,NaN,NaN,NaN,NaN,NaN,NaN,NaN,20736
2026-04-10 20:10:15,fq_codel,98355075,66685,0,0,0,0,0,NaN,NaN,NaN,NaN,NaN,NaN,NaN,NaN,NaN
2026-04-10 20:10:16,fq_codel,98771251,66966,0,0,0,10374,7,NaN,NaN,NaN,NaN,NaN,NaN,NaN,NaN,16128
2026-04-10 20:10:17,fq_codel,99592541,67524,0,0,0,0,0,NaN,NaN,NaN,NaN,NaN,NaN,NaN,NaN,NaN
2026-04-10 20:10:18,fq_codel,99885711,67722,0,0,0,14820,10,NaN,NaN,NaN,NaN,NaN,NaN,NaN,NaN,23040
2026-04-10 20:10:19,fq_codel,100764537,68315,0,0,0,10374,7,NaN,NaN,NaN,NaN,NaN,NaN,NaN,NaN,16128
2026-04-10 20:10:20,fq_codel,101183852,68600,0,0,0,10374,6,NaN,NaN,NaN,NaN,NaN,NaN,NaN,NaN,15296
2026-04-10 20:10:21,fq_codel,102062775,69194,0,0,0,10374,7,NaN,NaN,NaN,NaN,NaN,NaN,NaN,NaN,16128
2026-04-10 20:10:22,fq_codel,102364464,69400,0,0,0,13338,9,NaN,NaN,NaN,NaN,NaN,NaN,NaN,NaN,20736
2026-04-10 20:10:23,fq_codel,103008872,69836,0,0,0,0,0,NaN,NaN,NaN,NaN,NaN,NaN,NaN,NaN,NaN
2026-04-10 20:10:24,fq_codel,103281391,70021,0,0,0,13338,9,NaN,NaN,NaN,NaN,NaN,NaN,NaN,NaN,20736
2026-04-10 20:10:25,fq_codel,103863573,70416,0,0,0,0,0,NaN,NaN,NaN,NaN,NaN,NaN,NaN,NaN,NaN
2026-04-10 20:10:26,fq_codel,104093017,70571,0,0,0,11856,8,NaN,NaN,NaN,NaN,NaN,NaN,NaN,NaN,18432
2026-04-10 20:10:27,fq_codel,104973325,71165,0,0,0,14820,10,NaN,NaN,NaN,NaN,NaN,NaN,NaN,NaN,23040
2026-04-10 20:10:28,fq_codel,105198746,71319,0,0,0,7410,5,NaN,NaN,NaN,NaN,NaN,NaN,NaN,NaN,11520
2026-04-10 20:10:29,fq_codel,105844953,71758,0,0,0,0,0,NaN,NaN,NaN,NaN,NaN,NaN,NaN,NaN,NaN
2026-04-10 20:10:30,fq_codel,105994369,71859,0,0,0,14820,10,NaN,NaN,NaN,NaN,NaN,NaN,NaN,NaN,23040
2026-04-10 20:10:31,fq_codel,106873389,72454,0,0,0,7410,4,NaN,NaN,NaN,NaN,NaN,NaN,NaN,NaN,10688
2026-04-10 20:10:32,fq_codel,107185067,72668,0,0,0,13338,9,NaN,NaN,NaN,NaN,NaN,NaN,NaN,NaN,20736
2026-04-10 20:10:33,fq_codel,108064087,73263,0,0,0,17784,12,NaN,NaN,NaN,NaN,NaN,NaN,NaN,NaN,27648
2026-04-10 20:10:34,fq_codel,108474110,73541,0,0,0,4446,2,NaN,NaN,NaN,NaN,NaN,NaN,NaN,NaN,6080
2026-04-10 20:10:35,fq_codel,109351551,74134,0,0,0,10471,8,NaN,NaN,NaN,NaN,NaN,NaN,NaN,NaN,17024
2026-04-10 20:10:36,fq_codel,109673759,74353,0,0,0,8892,6,NaN,NaN,NaN,NaN,NaN,NaN,NaN,NaN,13824
2026-04-10 20:10:37,fq_codel,110552779,74948,0,0,0,10374,7,NaN,NaN,NaN,NaN,NaN,NaN,NaN,NaN,16128
2026-04-10 20:10:38,fq_codel,110992691,75246,0,0,0,0,0,NaN,NaN,NaN,NaN,NaN,NaN,NaN,NaN,NaN
