timestamp,qdisc_type,sent_bytes,sent_pkts,dropped,overlimits,requeues,backlog_bytes,backlog_pkts,prob,delay_c_us,delay_l_us,pkts_in_c,pkts_in_l,maxq,ecn_mark,step_mark,memory_used_bytes
2026-04-28 14:46:47,cake,7666,37,0,6,0,0,0,NaN,NaN,NaN,NaN,NaN,NaN,NaN,NaN,NaN
2026-04-28 14:46:48,cake,200811,173,0,334,0,19266,13,NaN,NaN,NaN,NaN,NaN,NaN,NaN,NaN,NaN
2026-04-28 14:46:49,cake,998565,713,0,1634,0,13338,9,NaN,NaN,NaN,NaN,NaN,NaN,NaN,NaN,NaN
2026-04-28 14:46:50,cake,1841690,1285,0,2906,0,10374,7,NaN,NaN,NaN,NaN,NaN,NaN,NaN,NaN,NaN
2026-04-28 14:46:51,cake,2644309,1828,0,4131,0,13338,9,NaN,NaN,NaN,NaN,NaN,NaN,NaN,NaN,NaN
2026-04-28 14:46:52,cake,3517277,2418,0,5443,0,2964,2,NaN,NaN,NaN,NaN,NaN,NaN,NaN,NaN,NaN
2026-04-28 14:46:53,cake,3862681,2654,0,5985,0,1482,1,NaN,NaN,NaN,NaN,NaN,NaN,NaN,NaN,NaN
2026-04-28 14:46:54,cake,4735994,3246,0,7324,0,7410,5,NaN,NaN,NaN,NaN,NaN,NaN,NaN,NaN,NaN
2026-04-28 14:46:55,cake,5581185,3819,0,8588,0,11856,8,NaN,NaN,NaN,NaN,NaN,NaN,NaN,NaN,NaN
2026-04-28 14:46:56,cake,6425735,4389,0,9865,0,4446,3,NaN,NaN,NaN,NaN,NaN,NaN,NaN,NaN,NaN
2026-04-28 14:46:57,cake,7292705,4974,0,11145,0,5928,4,NaN,NaN,NaN,NaN,NaN,NaN,NaN,NaN,NaN
2026-04-28 14:46:58,cake,7490914,5109,0,11459,0,2964,2,NaN,NaN,NaN,NaN,NaN,NaN,NaN,NaN,NaN
2026-04-28 14:46:59,cake,8363812,5698,0,12795,0,8892,6,NaN,NaN,NaN,NaN,NaN,NaN,NaN,NaN,NaN
2026-04-28 14:47:00,cake,8541116,5818,0,13075,0,11856,8,NaN,NaN,NaN,NaN,NaN,NaN,NaN,NaN,NaN
2026-04-28 14:47:01,cake,9412532,6406,0,14381,0,14820,10,NaN,NaN,NaN,NaN,NaN,NaN,NaN,NaN,NaN
2026-04-28 14:47:02,cake,9805659,6673,0,14966,0,0,0,NaN,NaN,NaN,NaN,NaN,NaN,NaN,NaN,NaN
2026-04-28 14:47:03,cake,10477299,7127,0,15970,0,0,0,NaN,NaN,NaN,NaN,NaN,NaN,NaN,NaN,NaN
2026-04-28 14:47:04,cake,10477299,7127,0,15970,0,0,0,NaN,NaN,NaN,NaN,NaN,NaN,NaN,NaN,NaN
2026-04-28 14:47:05,cake,11277378,7668,0,17176,0,11856,8,NaN,NaN,NaN,NaN,NaN,NaN,NaN,NaN,NaN
2026-04-28 14:47:06,cake,11470929,7800,0,17466,0,0,0,NaN,NaN,NaN,NaN,NaN,NaN,NaN,NaN,NaN
2026-04-28 14:47:07,cake,12225066,8310,0,18601,0,0,0,NaN,NaN,NaN,NaN,NaN,NaN,NaN,NaN,NaN
2026-04-28 14:47:08,cake,12624664,8581,0,19200,0,0,0,NaN,NaN,NaN,NaN,NaN,NaN,NaN,NaN,NaN
2026-04-28 14:47:09,cake,13322415,9052,0,20248,0,10374,7,NaN,NaN,NaN,NaN,NaN,NaN,NaN,NaN,NaN
2026-04-28 14:47:10,cake,13882814,9433,0,21103,0,0,0,NaN,NaN,NaN,NaN,NaN,NaN,NaN,NaN,NaN
2026-04-28 14:47:11,cake,14559817,9890,0,22141,0,7410,5,NaN,NaN,NaN,NaN,NaN,NaN,NaN,NaN,NaN
2026-04-28 14:47:12,cake,15076865,10239,0,22899,0,0,0,NaN,NaN,NaN,NaN,NaN,NaN,NaN,NaN,NaN
2026-04-28 14:47:13,cake,15712372,10668,0,23864,0,4446,3,NaN,NaN,NaN,NaN,NaN,NaN,NaN,NaN,NaN
2026-04-28 14:47:14,cake,16403945,11135,0,24905,0,0,0,NaN,NaN,NaN,NaN,NaN,NaN,NaN,NaN,NaN
2026-04-28 14:47:15,cake,16956460,11508,0,25729,0,0,0,NaN,NaN,NaN,NaN,NaN,NaN,NaN,NaN,NaN
2026-04-28 14:47:16,cake,17689113,12006,0,26830,0,0,0,NaN,NaN,NaN,NaN,NaN,NaN,NaN,NaN,NaN
2026-04-28 14:47:17,cake,18178323,12342,0,27593,0,0,0,NaN,NaN,NaN,NaN,NaN,NaN,NaN,NaN,NaN
2026-04-28 14:47:18,cake,19053803,12930,1,29259,0,7570,5,NaN,NaN,NaN,NaN,NaN,NaN,NaN,NaN,NaN
2026-04-28 14:47:19,cake,19929634,13513,4,30928,0,9053,7,NaN,NaN,NaN,NaN,NaN,NaN,NaN,NaN,NaN
2026-04-28 14:47:20,cake,20807689,14102,6,32609,0,4510,3,NaN,NaN,NaN,NaN,NaN,NaN,NaN,NaN,NaN
2026-04-28 14:47:21,cake,21678851,14685,8,34235,0,9020,6,NaN,NaN,NaN,NaN,NaN,NaN,NaN,NaN,NaN
2026-04-28 14:47:22,cake,22556680,15272,10,35910,0,16462,11,NaN,NaN,NaN,NaN,NaN,NaN,NaN,NaN,NaN
2026-04-28 14:47:23,cake,23429471,15858,13,37571,0,8956,6,NaN,NaN,NaN,NaN,NaN,NaN,NaN,NaN,NaN
2026-04-28 14:47:24,cake,24307300,16445,16,39244,0,8988,6,NaN,NaN,NaN,NaN,NaN,NaN,NaN,NaN,NaN
2026-04-28 14:47:25,cake,25141624,17004,19,40744,0,14916,10,NaN,NaN,NaN,NaN,NaN,NaN,NaN,NaN,NaN
2026-04-28 14:47:26,cake,26019550,17592,22,42414,0,7538,5,NaN,NaN,NaN,NaN,NaN,NaN,NaN,NaN,NaN
2026-04-28 14:47:27,cake,26875172,18166,25,43994,0,9020,6,NaN,NaN,NaN,NaN,NaN,NaN,NaN,NaN,NaN
2026-04-28 14:47:28,cake,27745142,18747,29,45607,0,1514,1,NaN,NaN,NaN,NaN,NaN,NaN,NaN,NaN,NaN
2026-04-28 14:47:29,cake,28622948,19334,31,47275,0,6024,4,NaN,NaN,NaN,NaN,NaN,NaN,NaN,NaN,NaN
2026-04-28 14:47:30,cake,29488342,19913,33,48874,0,3028,2,NaN,NaN,NaN,NaN,NaN,NaN,NaN,NaN,NaN
2026-04-28 14:47:31,cake,30366462,20493,33,50602,0,7570,5,NaN,NaN,NaN,NaN,NaN,NaN,NaN,NaN,NaN
2026-04-28 14:47:32,cake,31243072,21078,36,52289,0,7474,5,NaN,NaN,NaN,NaN,NaN,NaN,NaN,NaN,NaN
2026-04-28 14:47:33,cake,32086409,21637,37,53830,0,6056,4,NaN,NaN,NaN,NaN,NaN,NaN,NaN,NaN,NaN
2026-04-28 14:47:34,cake,32964922,22223,39,55521,0,9020,6,NaN,NaN,NaN,NaN,NaN,NaN,NaN,NaN,NaN
2026-04-28 14:47:35,cake,33830072,22796,40,57155,0,6056,4,NaN,NaN,NaN,NaN,NaN,NaN,NaN,NaN,NaN
2026-04-28 14:47:36,cake,34707546,23381,43,58857,0,8956,6,NaN,NaN,NaN,NaN,NaN,NaN,NaN,NaN,NaN
2026-04-28 14:47:37,cake,35560057,23948,44,60436,0,6056,4,NaN,NaN,NaN,NaN,NaN,NaN,NaN,NaN,NaN
2026-04-28 14:47:38,cake,36437956,24533,46,62136,0,3028,2,NaN,NaN,NaN,NaN,NaN,NaN,NaN,NaN,NaN
2026-04-28 14:47:39,cake,37316580,25115,46,63882,0,6056,4,NaN,NaN,NaN,NaN,NaN,NaN,NaN,NaN,NaN
2026-04-28 14:47:40,cake,38194853,25699,49,65584,0,8956,6,NaN,NaN,NaN,NaN,NaN,NaN,NaN,NaN,NaN
2026-04-28 14:47:41,cake,39073609,26283,49,67312,0,4542,3,NaN,NaN,NaN,NaN,NaN,NaN,NaN,NaN,NaN
2026-04-28 14:47:42,cake,39951037,26867,51,68853,0,9052,6,NaN,NaN,NaN,NaN,NaN,NaN,NaN,NaN,NaN
2026-04-28 14:47:43,cake,40829072,27452,52,70271,0,7570,5,NaN,NaN,NaN,NaN,NaN,NaN,NaN,NaN,NaN
2026-04-28 14:47:44,cake,41706695,28035,54,71614,0,7506,5,NaN,NaN,NaN,NaN,NaN,NaN,NaN,NaN,NaN
2026-04-28 14:47:45,cake,42575365,28613,55,73039,0,6056,4,NaN,NaN,NaN,NaN,NaN,NaN,NaN,NaN,NaN
2026-04-28 14:47:46,cake,43453468,29196,57,74749,0,6024,4,NaN,NaN,NaN,NaN,NaN,NaN,NaN,NaN,NaN
2026-04-28 14:47:47,cake,44328864,29779,58,76427,0,6056,4,NaN,NaN,NaN,NaN,NaN,NaN,NaN,NaN,NaN
2026-04-28 14:47:48,cake,45207447,30362,60,78149,0,4510,3,NaN,NaN,NaN,NaN,NaN,NaN,NaN,NaN,NaN
2026-04-28 14:47:49,cake,46085622,30946,61,79848,0,7570,5,NaN,NaN,NaN,NaN,NaN,NaN,NaN,NaN,NaN
2026-04-28 14:47:50,cake,46963107,31528,63,81568,0,10438,7,NaN,NaN,NaN,NaN,NaN,NaN,NaN,NaN,NaN
2026-04-28 14:47:51,cake,47841707,32115,64,83266,0,7570,5,NaN,NaN,NaN,NaN,NaN,NaN,NaN,NaN,NaN
2026-04-28 14:47:52,cake,48719640,32697,66,84994,0,13466,9,NaN,NaN,NaN,NaN,NaN,NaN,NaN,NaN,NaN
2026-04-28 14:47:53,cake,49595874,33282,67,86679,0,6056,4,NaN,NaN,NaN,NaN,NaN,NaN,NaN,NaN,NaN
2026-04-28 14:47:54,cake,50474329,33865,68,88408,0,13466,9,NaN,NaN,NaN,NaN,NaN,NaN,NaN,NaN,NaN
2026-04-28 14:47:55,cake,51350812,34449,70,90069,0,4542,3,NaN,NaN,NaN,NaN,NaN,NaN,NaN,NaN,NaN
2026-04-28 14:47:56,cake,52228191,35030,71,91795,0,9020,6,NaN,NaN,NaN,NaN,NaN,NaN,NaN,NaN,NaN
2026-04-28 14:47:57,cake,53101419,35613,73,93435,0,3028,2,NaN,NaN,NaN,NaN,NaN,NaN,NaN,NaN,NaN
2026-04-28 14:47:58,cake,53979288,36195,74,95180,0,10438,7,NaN,NaN,NaN,NaN,NaN,NaN,NaN,NaN,NaN
2026-04-28 14:47:59,cake,54851374,36778,77,96801,0,1514,1,NaN,NaN,NaN,NaN,NaN,NaN,NaN,NaN,NaN
2026-04-28 14:48:00,cake,55729649,37359,78,97804,0,10502,7,NaN,NaN,NaN,NaN,NaN,NaN,NaN,NaN,NaN
2026-04-28 14:48:01,cake,56607168,37946,80,98779,0,3028,2,NaN,NaN,NaN,NaN,NaN,NaN,NaN,NaN,NaN
2026-04-28 14:48:02,cake,57485891,38527,80,99625,0,7538,5,NaN,NaN,NaN,NaN,NaN,NaN,NaN,NaN,NaN
2026-04-28 14:48:03,cake,58340783,39095,82,100959,0,7570,5,NaN,NaN,NaN,NaN,NaN,NaN,NaN,NaN,NaN
2026-04-28 14:48:04,cake,59218440,39675,82,102701,0,14948,10,NaN,NaN,NaN,NaN,NaN,NaN,NaN,NaN,NaN
2026-04-28 14:48:05,cake,60070590,40241,84,104227,0,7570,5,NaN,NaN,NaN,NaN,NaN,NaN,NaN,NaN,NaN
2026-04-28 14:48:06,cake,60948375,40821,84,105967,0,6056,4,NaN,NaN,NaN,NaN,NaN,NaN,NaN,NaN,NaN
2026-04-28 14:48:07,cake,61826459,41407,87,107636,0,10534,7,NaN,NaN,NaN,NaN,NaN,NaN,NaN,NaN,NaN
2026-04-28 14:48:08,cake,62701102,41986,87,109333,0,6056,4,NaN,NaN,NaN,NaN,NaN,NaN,NaN,NaN,NaN
2026-04-28 14:48:09,cake,63579396,42573,90,111005,0,13434,9,NaN,NaN,NaN,NaN,NaN,NaN,NaN,NaN,NaN
2026-04-28 14:48:10,cake,64455778,43153,90,112715,0,6056,4,NaN,NaN,NaN,NaN,NaN,NaN,NaN,NaN,NaN
2026-04-28 14:48:11,cake,65332941,43738,92,114393,0,9020,6,NaN,NaN,NaN,NaN,NaN,NaN,NaN,NaN,NaN
2026-04-28 14:48:12,cake,66190874,44307,93,115980,0,7570,5,NaN,NaN,NaN,NaN,NaN,NaN,NaN,NaN,NaN
2026-04-28 14:48:13,cake,67069967,44893,96,117674,0,10438,7,NaN,NaN,NaN,NaN,NaN,NaN,NaN,NaN,NaN
2026-04-28 14:48:14,cake,67942641,45472,96,118745,0,6056,4,NaN,NaN,NaN,NaN,NaN,NaN,NaN,NaN,NaN
2026-04-28 14:48:15,cake,68819218,46056,99,119610,0,13466,9,NaN,NaN,NaN,NaN,NaN,NaN,NaN,NaN,NaN
2026-04-28 14:48:16,cake,69667437,46619,100,120938,0,6056,4,NaN,NaN,NaN,NaN,NaN,NaN,NaN,NaN,NaN
2026-04-28 14:48:17,cake,70544526,47203,103,122624,0,4510,3,NaN,NaN,NaN,NaN,NaN,NaN,NaN,NaN,NaN
2026-04-28 14:48:18,cake,71422506,47788,103,124353,0,7570,5,NaN,NaN,NaN,NaN,NaN,NaN,NaN,NaN,NaN
2026-04-28 14:48:19,cake,72299947,48372,105,125766,0,11984,8,NaN,NaN,NaN,NaN,NaN,NaN,NaN,NaN,NaN
2026-04-28 14:48:20,cake,73179252,48959,106,126569,0,6056,4,NaN,NaN,NaN,NaN,NaN,NaN,NaN,NaN,NaN
2026-04-28 14:48:21,cake,74057109,49543,108,127320,0,11984,8,NaN,NaN,NaN,NaN,NaN,NaN,NaN,NaN,NaN
2026-04-28 14:48:22,cake,74934943,50128,109,128130,0,7570,5,NaN,NaN,NaN,NaN,NaN,NaN,NaN,NaN,NaN
2026-04-28 14:48:23,cake,75813280,50712,111,128878,0,14980,10,NaN,NaN,NaN,NaN,NaN,NaN,NaN,NaN,NaN
2026-04-28 14:48:24,cake,76690228,51293,111,129568,0,6056,4,NaN,NaN,NaN,NaN,NaN,NaN,NaN,NaN,NaN
2026-04-28 14:48:25,cake,77569013,51877,113,130298,0,11952,8,NaN,NaN,NaN,NaN,NaN,NaN,NaN,NaN,NaN
2026-04-28 14:48:26,cake,78425728,52446,114,131584,0,6056,4,NaN,NaN,NaN,NaN,NaN,NaN,NaN,NaN,NaN
2026-04-28 14:48:27,cake,79303447,53029,116,133292,0,7538,5,NaN,NaN,NaN,NaN,NaN,NaN,NaN,NaN,NaN
2026-04-28 14:48:28,cake,80181964,53614,117,135006,0,3028,2,NaN,NaN,NaN,NaN,NaN,NaN,NaN,NaN,NaN
2026-04-28 14:48:29,cake,81058713,54196,119,136706,0,6056,4,NaN,NaN,NaN,NaN,NaN,NaN,NaN,NaN,NaN
2026-04-28 14:48:30,cake,81937057,54784,121,138396,0,6024,4,NaN,NaN,NaN,NaN,NaN,NaN,NaN,NaN,NaN
2026-04-28 14:48:31,cake,82811333,55367,123,140048,0,10502,7,NaN,NaN,NaN,NaN,NaN,NaN,NaN,NaN,NaN
2026-04-28 14:48:32,cake,83681638,55947,125,141646,0,6056,4,NaN,NaN,NaN,NaN,NaN,NaN,NaN,NaN,NaN
2026-04-28 14:48:33,cake,84560733,56530,127,143360,0,10534,7,NaN,NaN,NaN,NaN,NaN,NaN,NaN,NaN,NaN
2026-04-28 14:48:34,cake,85435594,57115,128,145010,0,3028,2,NaN,NaN,NaN,NaN,NaN,NaN,NaN,NaN,NaN
2026-04-28 14:48:35,cake,86313623,57697,129,146736,0,13498,9,NaN,NaN,NaN,NaN,NaN,NaN,NaN,NaN,NaN
2026-04-28 14:48:36,cake,87170306,58269,131,148280,0,4542,3,NaN,NaN,NaN,NaN,NaN,NaN,NaN,NaN,NaN
2026-04-28 14:48:37,cake,88048815,58851,132,150002,0,7506,5,NaN,NaN,NaN,NaN,NaN,NaN,NaN,NaN,NaN
2026-04-28 14:48:38,cake,88921782,59434,134,151666,0,3028,2,NaN,NaN,NaN,NaN,NaN,NaN,NaN,NaN,NaN
2026-04-28 14:48:39,cake,89800739,60016,135,153402,0,9052,6,NaN,NaN,NaN,NaN,NaN,NaN,NaN,NaN,NaN
2026-04-28 14:48:40,cake,90668112,60595,137,155012,0,4542,3,NaN,NaN,NaN,NaN,NaN,NaN,NaN,NaN,NaN
2026-04-28 14:48:41,cake,91546036,61176,137,156755,0,12016,8,NaN,NaN,NaN,NaN,NaN,NaN,NaN,NaN,NaN
2026-04-28 14:48:42,cake,92413656,61756,140,158351,0,0,0,NaN,NaN,NaN,NaN,NaN,NaN,NaN,NaN,NaN
2026-04-28 14:48:43,cake,93292059,62337,140,160094,0,11984,8,NaN,NaN,NaN,NaN,NaN,NaN,NaN,NaN,NaN
2026-04-28 14:48:44,cake,94160342,62918,143,161704,0,1514,1,NaN,NaN,NaN,NaN,NaN,NaN,NaN,NaN,NaN
2026-04-28 14:48:45,cake,95037900,63499,143,163447,0,14948,10,NaN,NaN,NaN,NaN,NaN,NaN,NaN,NaN,NaN
2026-04-28 14:48:46,cake,95915093,64086,146,165132,0,6056,4,NaN,NaN,NaN,NaN,NaN,NaN,NaN,NaN,NaN
2026-04-28 14:48:47,cake,96794392,64667,146,166867,0,13498,9,NaN,NaN,NaN,NaN,NaN,NaN,NaN,NaN,NaN
2026-04-28 14:48:48,cake,97672221,65254,149,168540,0,9020,6,NaN,NaN,NaN,NaN,NaN,NaN,NaN,NaN,NaN
2026-04-28 14:48:49,cake,98529010,65822,150,170110,0,6056,4,NaN,NaN,NaN,NaN,NaN,NaN,NaN,NaN,NaN
2026-04-28 14:48:50,cake,99407287,66409,153,171803,0,13434,9,NaN,NaN,NaN,NaN,NaN,NaN,NaN,NaN,NaN
2026-04-28 14:48:51,cake,100282248,66989,153,173515,0,7570,5,NaN,NaN,NaN,NaN,NaN,NaN,NaN,NaN,NaN
2026-04-28 14:48:52,cake,101160541,67575,156,175202,0,10534,7,NaN,NaN,NaN,NaN,NaN,NaN,NaN,NaN,NaN
2026-04-28 14:48:53,cake,102039486,68158,156,176934,0,6056,4,NaN,NaN,NaN,NaN,NaN,NaN,NaN,NaN,NaN
2026-04-28 14:48:54,cake,102916713,68743,159,178622,0,10502,7,NaN,NaN,NaN,NaN,NaN,NaN,NaN,NaN,NaN
2026-04-28 14:48:55,cake,103794737,69325,159,180343,0,7570,5,NaN,NaN,NaN,NaN,NaN,NaN,NaN,NaN,NaN
2026-04-28 14:48:56,cake,104672412,69910,162,181911,0,13466,9,NaN,NaN,NaN,NaN,NaN,NaN,NaN,NaN,NaN
2026-04-28 14:48:57,cake,105520431,70473,163,183168,0,6056,4,NaN,NaN,NaN,NaN,NaN,NaN,NaN,NaN,NaN
2026-04-28 14:48:58,cake,106398596,71059,165,184866,0,9052,6,NaN,NaN,NaN,NaN,NaN,NaN,NaN,NaN,NaN
2026-04-28 14:48:59,cake,107240788,71618,167,186383,0,3028,2,NaN,NaN,NaN,NaN,NaN,NaN,NaN,NaN,NaN
2026-04-28 14:49:00,cake,108117980,72203,169,188081,0,14948,10,NaN,NaN,NaN,NaN,NaN,NaN,NaN,NaN,NaN
2026-04-28 14:49:01,cake,108996689,72787,170,189784,0,7570,5,NaN,NaN,NaN,NaN,NaN,NaN,NaN,NaN,NaN
2026-04-28 14:49:02,cake,109874259,73371,172,191488,0,16430,11,NaN,NaN,NaN,NaN,NaN,NaN,NaN,NaN,NaN
2026-04-28 14:49:03,cake,110753439,73952,172,193222,0,4542,4,NaN,NaN,NaN,NaN,NaN,NaN,NaN,NaN,NaN
2026-04-28 14:49:04,cake,111629942,74535,174,194929,0,11920,8,NaN,NaN,NaN,NaN,NaN,NaN,NaN,NaN,NaN
2026-04-28 14:49:05,cake,112489713,75106,175,196520,0,7570,5,NaN,NaN,NaN,NaN,NaN,NaN,NaN,NaN,NaN
2026-04-28 14:49:06,cake,113366793,75690,177,198228,0,14980,10,NaN,NaN,NaN,NaN,NaN,NaN,NaN,NaN,NaN
2026-04-28 14:49:07,cake,114243911,76274,178,199930,0,7570,5,NaN,NaN,NaN,NaN,NaN,NaN,NaN,NaN,NaN
2026-04-28 14:49:08,cake,115121342,76857,180,201639,0,13434,9,NaN,NaN,NaN,NaN,NaN,NaN,NaN,NaN,NaN
2026-04-28 14:49:09,cake,115964455,77419,182,203145,0,4542,3,NaN,NaN,NaN,NaN,NaN,NaN,NaN,NaN,NaN
2026-04-28 14:49:10,cake,116843817,78003,184,204867,0,13466,9,NaN,NaN,NaN,NaN,NaN,NaN,NaN,NaN,NaN
2026-04-28 14:49:11,cake,117720670,78588,185,206567,0,7570,5,NaN,NaN,NaN,NaN,NaN,NaN,NaN,NaN,NaN
2026-04-28 14:49:12,cake,118598997,79171,188,208293,0,13434,9,NaN,NaN,NaN,NaN,NaN,NaN,NaN,NaN,NaN
2026-04-28 14:49:13,cake,119450670,79740,189,209794,0,3028,2,NaN,NaN,NaN,NaN,NaN,NaN,NaN,NaN,NaN
2026-04-28 14:49:14,cake,120327931,80322,191,211514,0,4542,3,NaN,NaN,NaN,NaN,NaN,NaN,NaN,NaN,NaN
2026-04-28 14:49:15,cake,121204869,80907,192,213209,0,6056,4,NaN,NaN,NaN,NaN,NaN,NaN,NaN,NaN,NaN
2026-04-28 14:49:16,cake,122084124,81490,194,214930,0,11952,8,NaN,NaN,NaN,NaN,NaN,NaN,NaN,NaN,NaN
2026-04-28 14:49:17,cake,122792283,81963,195,216189,0,0,0,NaN,NaN,NaN,NaN,NaN,NaN,NaN,NaN,NaN
2026-04-28 14:49:18,cake,122981709,82091,195,216446,0,5928,4,NaN,NaN,NaN,NaN,NaN,NaN,NaN,NaN,NaN
2026-04-28 14:49:19,cake,123120714,82185,195,216657,0,0,0,NaN,NaN,NaN,NaN,NaN,NaN,NaN,NaN,NaN
2026-04-28 14:49:20,cake,123320514,82320,195,216969,0,4446,3,NaN,NaN,NaN,NaN,NaN,NaN,NaN,NaN,NaN
2026-04-28 14:49:21,cake,123556046,82480,195,217326,0,0,0,NaN,NaN,NaN,NaN,NaN,NaN,NaN,NaN,NaN
2026-04-28 14:49:22,cake,123712868,82586,195,217572,0,11856,8,NaN,NaN,NaN,NaN,NaN,NaN,NaN,NaN,NaN
2026-04-28 14:49:23,cake,123991714,82776,195,217971,0,0,0,NaN,NaN,NaN,NaN,NaN,NaN,NaN,NaN,NaN
2026-04-28 14:49:24,cake,124104076,82852,195,218149,0,13338,9,NaN,NaN,NaN,NaN,NaN,NaN,NaN,NaN,NaN
2026-04-28 14:49:25,cake,124872290,83372,195,219304,0,0,0,NaN,NaN,NaN,NaN,NaN,NaN,NaN,NaN,NaN
2026-04-28 14:49:26,cake,124940192,83418,195,219392,0,1482,1,NaN,NaN,NaN,NaN,NaN,NaN,NaN,NaN,NaN
2026-04-28 14:49:27,cake,125778461,83993,195,220675,0,0,0,NaN,NaN,NaN,NaN,NaN,NaN,NaN,NaN,NaN
2026-04-28 14:49:28,cake,125812277,84016,195,220731,0,5928,4,NaN,NaN,NaN,NaN,NaN,NaN,NaN,NaN,NaN
2026-04-28 14:49:29,cake,126683693,84604,195,222035,0,13338,9,NaN,NaN,NaN,NaN,NaN,NaN,NaN,NaN,NaN
2026-04-28 14:49:30,cake,126732069,84637,195,222103,0,0,0,NaN,NaN,NaN,NaN,NaN,NaN,NaN,NaN,NaN
2026-04-28 14:49:31,cake,127334578,85045,195,223010,0,0,0,NaN,NaN,NaN,NaN,NaN,NaN,NaN,NaN,NaN
2026-04-28 14:49:32,cake,127334578,85045,195,223010,0,0,0,NaN,NaN,NaN,NaN,NaN,NaN,NaN,NaN,NaN
2026-04-28 14:49:33,cake,128133106,85584,195,224223,0,10374,7,NaN,NaN,NaN,NaN,NaN,NaN,NaN,NaN,NaN
2026-04-28 14:49:34,cake,128175826,85614,195,224290,0,0,0,NaN,NaN,NaN,NaN,NaN,NaN,NaN,NaN,NaN
2026-04-28 14:49:35,cake,128955088,86140,195,225475,0,0,0,NaN,NaN,NaN,NaN,NaN,NaN,NaN,NaN,NaN
2026-04-28 14:49:36,cake,129134374,86261,195,225745,0,0,0,NaN,NaN,NaN,NaN,NaN,NaN,NaN,NaN,NaN
2026-04-28 14:49:37,cake,129870658,86758,195,226838,0,7410,5,NaN,NaN,NaN,NaN,NaN,NaN,NaN,NaN,NaN
2026-04-28 14:49:38,cake,130357634,87087,195,227566,0,0,0,NaN,NaN,NaN,NaN,NaN,NaN,NaN,NaN,NaN
2026-04-28 14:49:39,cake,131051037,87556,195,228617,0,7410,5,NaN,NaN,NaN,NaN,NaN,NaN,NaN,NaN,NaN
2026-04-28 14:49:40,cake,131171573,87638,195,228799,0,0,0,NaN,NaN,NaN,NaN,NaN,NaN,NaN,NaN,NaN
2026-04-28 14:49:41,cake,131823383,88078,195,229787,0,7410,5,NaN,NaN,NaN,NaN,NaN,NaN,NaN,NaN,NaN
2026-04-28 14:49:42,cake,132182992,88322,195,230331,0,0,0,NaN,NaN,NaN,NaN,NaN,NaN,NaN,NaN,NaN
2026-04-28 14:49:43,cake,132784511,88729,195,231228,0,7410,5,NaN,NaN,NaN,NaN,NaN,NaN,NaN,NaN,NaN
2026-04-28 14:49:44,cake,133632821,89305,195,232527,0,11856,8,NaN,NaN,NaN,NaN,NaN,NaN,NaN,NaN,NaN
2026-04-28 14:49:45,cake,134480557,89880,195,233815,0,8892,6,NaN,NaN,NaN,NaN,NaN,NaN,NaN,NaN,NaN
2026-04-28 14:49:46,cake,135350491,90467,195,235100,0,2964,2,NaN,NaN,NaN,NaN,NaN,NaN,NaN,NaN,NaN
2026-04-28 14:49:47,cake,135537464,90595,195,235392,0,0,0,NaN,NaN,NaN,NaN,NaN,NaN,NaN,NaN,NaN
2026-04-28 14:49:48,cake,136397649,91176,195,236671,0,0,0,NaN,NaN,NaN,NaN,NaN,NaN,NaN,NaN,NaN
2026-04-28 14:49:49,cake,136473058,91228,195,236792,0,1482,1,NaN,NaN,NaN,NaN,NaN,NaN,NaN,NaN,NaN
2026-04-28 14:49:50,cake,137342992,91815,195,238095,0,4446,3,NaN,NaN,NaN,NaN,NaN,NaN,NaN,NaN,NaN
2026-04-28 14:49:51,cake,137590994,91984,195,238470,0,1482,1,NaN,NaN,NaN,NaN,NaN,NaN,NaN,NaN,NaN
2026-04-28 14:49:52,cake,138447590,92562,195,239716,0,1482,1,NaN,NaN,NaN,NaN,NaN,NaN,NaN,NaN,NaN
2026-04-28 14:49:53,cake,138762030,92775,195,240190,0,0,0,NaN,NaN,NaN,NaN,NaN,NaN,NaN,NaN,NaN
2026-04-28 14:49:54,cake,139630579,93362,195,241530,0,4446,3,NaN,NaN,NaN,NaN,NaN,NaN,NaN,NaN,NaN
2026-04-28 14:49:55,cake,139975101,93596,195,242040,0,1212,1,NaN,NaN,NaN,NaN,NaN,NaN,NaN,NaN,NaN
2026-04-28 14:49:56,cake,140798920,94153,195,243272,0,11856,8,NaN,NaN,NaN,NaN,NaN,NaN,NaN,NaN,NaN
2026-04-28 14:49:57,cake,141176483,94411,195,243847,0,0,0,NaN,NaN,NaN,NaN,NaN,NaN,NaN,NaN,NaN
2026-04-28 14:49:58,cake,141963155,94942,195,245066,0,10374,7,NaN,NaN,NaN,NaN,NaN,NaN,NaN,NaN,NaN
2026-04-28 14:49:59,cake,142419316,95251,195,245761,0,0,0,NaN,NaN,NaN,NaN,NaN,NaN,NaN,NaN,NaN
2026-04-28 14:50:00,cake,143143744,95740,195,246844,0,16302,11,NaN,NaN,NaN,NaN,NaN,NaN,NaN,NaN,NaN
2026-04-28 14:50:01,cake,143571479,96030,195,247475,0,0,0,NaN,NaN,NaN,NaN,NaN,NaN,NaN,NaN,NaN
2026-04-28 14:50:02,cake,143898678,96252,195,247983,0,0,0,NaN,NaN,NaN,NaN,NaN,NaN,NaN,NaN,NaN
2026-04-28 14:50:03,cake,143898678,96252,195,247983,0,0,0,NaN,NaN,NaN,NaN,NaN,NaN,NaN,NaN,NaN
2026-04-28 14:50:04,cake,144288236,96516,195,248576,0,0,0,NaN,NaN,NaN,NaN,NaN,NaN,NaN,NaN,NaN
2026-04-28 14:50:05,cake,144288236,96516,195,248576,0,0,0,NaN,NaN,NaN,NaN,NaN,NaN,NaN,NaN,NaN
2026-04-28 14:50:06,cake,144910410,96936,195,249525,0,7410,5,NaN,NaN,NaN,NaN,NaN,NaN,NaN,NaN,NaN
